prefecture,fiscal_year,variable_name,variable_label_ja,public_status,search_status,comparison_impact,source_url,notes
北海道,2025,fund_balance,基金残高/平均基金残高,PARTIAL,PARTIAL_OFFICIAL,HIGH,https://www.pref.hokkaido.lg.jp/kj/skk/71795.html,R7決算審査資料は公表済みだが、本調査で必要な基金全体の債券残高・国債残高・利回りを統一的に確認できず。
北海道,2025,securities_balance,有価証券・債券残高,PARTIAL,PARTIAL_OFFICIAL,HIGH,https://www.pref.hokkaido.lg.jp/kj/skk/71795.html,R7決算審査資料は公表済みだが、本調査で必要な基金全体の債券残高・国債残高・利回りを統一的に確認できず。
北海道,2025,government_bond_balance,国債残高,PARTIAL,PARTIAL_OFFICIAL,HIGH,https://www.pref.hokkaido.lg.jp/kj/skk/71795.html,R7決算審査資料は公表済みだが、本調査で必要な基金全体の債券残高・国債残高・利回りを統一的に確認できず。
北海道,2025,bond_breakdown,債券内訳,PARTIAL,PARTIAL_OFFICIAL,MEDIUM,https://www.pref.hokkaido.lg.jp/kj/skk/71795.html,R7決算審査資料は公表済みだが、本調査で必要な基金全体の債券残高・国債残高・利回りを統一的に確認できず。
北海道,2025,yield,運用利回り,PARTIAL,PARTIAL_OFFICIAL,HIGH,https://www.pref.hokkaido.lg.jp/kj/skk/71795.html,R7決算審査資料は公表済みだが、本調査で必要な基金全体の債券残高・国債残高・利回りを統一的に確認できず。
北海道,2025,income,運用収入,NOT_COMPARABLE,PARTIAL_OFFICIAL,HIGH,https://www.pref.hokkaido.lg.jp/kj/skk/71795.html,R7決算審査資料は公表済みだが、本調査で必要な基金全体の債券残高・国債残高・利回りを統一的に確認できず。
北海道,2025,maturity,年限・平均残存年数,NOT_COMPARABLE,PARTIAL_OFFICIAL,HIGH,https://www.pref.hokkaido.lg.jp/kj/skk/71795.html,R7決算審査資料は公表済みだが、本調査で必要な基金全体の債券残高・国債残高・利回りを統一的に確認できず。
北海道,2025,maturity_structure,満期構成・ラダー,NOT_COMPARABLE,PARTIAL_OFFICIAL,MEDIUM,https://www.pref.hokkaido.lg.jp/kj/skk/71795.html,R7決算審査資料は公表済みだが、本調査で必要な基金全体の債券残高・国債残高・利回りを統一的に確認できず。
北海道,2025,investment_policy,運用方針,NOT_COMPARABLE,PARTIAL_OFFICIAL,MEDIUM,https://www.pref.hokkaido.lg.jp/kj/skk/71795.html,R7決算審査資料は公表済みだが、本調査で必要な基金全体の債券残高・国債残高・利回りを統一的に確認できず。
北海道,2025,risk_policy,リスク管理方針,AVAILABLE,PARTIAL_OFFICIAL,MEDIUM,https://www.pref.hokkaido.lg.jp/kj/skk/71795.html,R7決算審査資料は公表済みだが、本調査で必要な基金全体の債券残高・国債残高・利回りを統一的に確認できず。
北海道,2026,fund_balance,基金残高/平均基金残高,SEARCHED_NOT_FOUND,SEARCHED_NOT_FOUND,HIGH,https://www.pref.hokkaido.lg.jp/kj/skk/71795.html,R8年度途中の基金運用ポートフォリオ公表を確認できず。
北海道,2026,securities_balance,有価証券・債券残高,SEARCHED_NOT_FOUND,SEARCHED_NOT_FOUND,HIGH,https://www.pref.hokkaido.lg.jp/kj/skk/71795.html,R8年度途中の基金運用ポートフォリオ公表を確認できず。
北海道,2026,government_bond_balance,国債残高,SEARCHED_NOT_FOUND,SEARCHED_NOT_FOUND,HIGH,https://www.pref.hokkaido.lg.jp/kj/skk/71795.html,R8年度途中の基金運用ポートフォリオ公表を確認できず。
北海道,2026,bond_breakdown,債券内訳,SEARCHED_NOT_FOUND,SEARCHED_NOT_FOUND,MEDIUM,https://www.pref.hokkaido.lg.jp/kj/skk/71795.html,R8年度途中の基金運用ポートフォリオ公表を確認できず。
北海道,2026,yield,運用利回り,SEARCHED_NOT_FOUND,SEARCHED_NOT_FOUND,HIGH,https://www.pref.hokkaido.lg.jp/kj/skk/71795.html,R8年度途中の基金運用ポートフォリオ公表を確認できず。
北海道,2026,income,運用収入,SEARCHED_NOT_FOUND,SEARCHED_NOT_FOUND,HIGH,https://www.pref.hokkaido.lg.jp/kj/skk/71795.html,R8年度途中の基金運用ポートフォリオ公表を確認できず。
北海道,2026,maturity,年限・平均残存年数,SEARCHED_NOT_FOUND,SEARCHED_NOT_FOUND,HIGH,https://www.pref.hokkaido.lg.jp/kj/skk/71795.html,R8年度途中の基金運用ポートフォリオ公表を確認できず。
北海道,2026,maturity_structure,満期構成・ラダー,SEARCHED_NOT_FOUND,SEARCHED_NOT_FOUND,MEDIUM,https://www.pref.hokkaido.lg.jp/kj/skk/71795.html,R8年度途中の基金運用ポートフォリオ公表を確認できず。
北海道,2026,investment_policy,運用方針,SEARCHED_NOT_FOUND,SEARCHED_NOT_FOUND,MEDIUM,https://www.pref.hokkaido.lg.jp/kj/skk/71795.html,R8年度途中の基金運用ポートフォリオ公表を確認できず。
北海道,2026,risk_policy,リスク管理方針,SEARCHED_NOT_FOUND,SEARCHED_NOT_FOUND,MEDIUM,https://www.pref.hokkaido.lg.jp/kj/skk/71795.html,R8年度途中の基金運用ポートフォリオ公表を確認できず。
青森県,2025,fund_balance,基金残高/平均基金残高,PARTIAL,PARTIAL_OFFICIAL,HIGH,https://www.pref.aomori.lg.jp/soshiki/suito/keiri/kessan_main.html,R7決算公表を確認したが、基金全体の運用商品の内訳・利回り等の比較可能な運用表は本調査では確認できず。
青森県,2025,securities_balance,有価証券・債券残高,NOT_COMPARABLE,PARTIAL_OFFICIAL,HIGH,https://www.pref.aomori.lg.jp/soshiki/suito/keiri/kessan_main.html,R7決算公表を確認したが、基金全体の運用商品の内訳・利回り等の比較可能な運用表は本調査では確認できず。
青森県,2025,government_bond_balance,国債残高,NOT_COMPARABLE,PARTIAL_OFFICIAL,HIGH,https://www.pref.aomori.lg.jp/soshiki/suito/keiri/kessan_main.html,R7決算公表を確認したが、基金全体の運用商品の内訳・利回り等の比較可能な運用表は本調査では確認できず。
青森県,2025,bond_breakdown,債券内訳,NOT_COMPARABLE,PARTIAL_OFFICIAL,MEDIUM,https://www.pref.aomori.lg.jp/soshiki/suito/keiri/kessan_main.html,R7決算公表を確認したが、基金全体の運用商品の内訳・利回り等の比較可能な運用表は本調査では確認できず。
青森県,2025,yield,運用利回り,PARTIAL,PARTIAL_OFFICIAL,HIGH,https://www.pref.aomori.lg.jp/soshiki/suito/keiri/kessan_main.html,R7決算公表を確認したが、基金全体の運用商品の内訳・利回り等の比較可能な運用表は本調査では確認できず。
青森県,2025,income,運用収入,NOT_COMPARABLE,PARTIAL_OFFICIAL,HIGH,https://www.pref.aomori.lg.jp/soshiki/suito/keiri/kessan_main.html,R7決算公表を確認したが、基金全体の運用商品の内訳・利回り等の比較可能な運用表は本調査では確認できず。
青森県,2025,maturity,年限・平均残存年数,NOT_COMPARABLE,PARTIAL_OFFICIAL,HIGH,https://www.pref.aomori.lg.jp/soshiki/suito/keiri/kessan_main.html,R7決算公表を確認したが、基金全体の運用商品の内訳・利回り等の比較可能な運用表は本調査では確認できず。
青森県,2025,maturity_structure,満期構成・ラダー,NOT_COMPARABLE,PARTIAL_OFFICIAL,MEDIUM,https://www.pref.aomori.lg.jp/soshiki/suito/keiri/kessan_main.html,R7決算公表を確認したが、基金全体の運用商品の内訳・利回り等の比較可能な運用表は本調査では確認できず。
青森県,2025,investment_policy,運用方針,NOT_COMPARABLE,PARTIAL_OFFICIAL,MEDIUM,https://www.pref.aomori.lg.jp/soshiki/suito/keiri/kessan_main.html,R7決算公表を確認したが、基金全体の運用商品の内訳・利回り等の比較可能な運用表は本調査では確認できず。
青森県,2025,risk_policy,リスク管理方針,NOT_COMPARABLE,PARTIAL_OFFICIAL,MEDIUM,https://www.pref.aomori.lg.jp/soshiki/suito/keiri/kessan_main.html,R7決算公表を確認したが、基金全体の運用商品の内訳・利回り等の比較可能な運用表は本調査では確認できず。
青森県,2026,fund_balance,基金残高/平均基金残高,SEARCHED_NOT_FOUND,SEARCHED_NOT_FOUND,HIGH,https://www.pref.aomori.lg.jp/soshiki/suito/keiri/kessan_main.html,公式サイトをR7/R8、公金運用、基金運用、債券、国債等の語で検索したが、当該年度の比較可能な数値資料を確認できず。
青森県,2026,securities_balance,有価証券・債券残高,SEARCHED_NOT_FOUND,SEARCHED_NOT_FOUND,HIGH,https://www.pref.aomori.lg.jp/soshiki/suito/keiri/kessan_main.html,公式サイトをR7/R8、公金運用、基金運用、債券、国債等の語で検索したが、当該年度の比較可能な数値資料を確認できず。
青森県,2026,government_bond_balance,国債残高,SEARCHED_NOT_FOUND,SEARCHED_NOT_FOUND,HIGH,https://www.pref.aomori.lg.jp/soshiki/suito/keiri/kessan_main.html,公式サイトをR7/R8、公金運用、基金運用、債券、国債等の語で検索したが、当該年度の比較可能な数値資料を確認できず。
青森県,2026,bond_breakdown,債券内訳,SEARCHED_NOT_FOUND,SEARCHED_NOT_FOUND,MEDIUM,https://www.pref.aomori.lg.jp/soshiki/suito/keiri/kessan_main.html,公式サイトをR7/R8、公金運用、基金運用、債券、国債等の語で検索したが、当該年度の比較可能な数値資料を確認できず。
青森県,2026,yield,運用利回り,SEARCHED_NOT_FOUND,SEARCHED_NOT_FOUND,HIGH,https://www.pref.aomori.lg.jp/soshiki/suito/keiri/kessan_main.html,公式サイトをR7/R8、公金運用、基金運用、債券、国債等の語で検索したが、当該年度の比較可能な数値資料を確認できず。
青森県,2026,income,運用収入,SEARCHED_NOT_FOUND,SEARCHED_NOT_FOUND,HIGH,https://www.pref.aomori.lg.jp/soshiki/suito/keiri/kessan_main.html,公式サイトをR7/R8、公金運用、基金運用、債券、国債等の語で検索したが、当該年度の比較可能な数値資料を確認できず。
青森県,2026,maturity,年限・平均残存年数,SEARCHED_NOT_FOUND,SEARCHED_NOT_FOUND,HIGH,https://www.pref.aomori.lg.jp/soshiki/suito/keiri/kessan_main.html,公式サイトをR7/R8、公金運用、基金運用、債券、国債等の語で検索したが、当該年度の比較可能な数値資料を確認できず。
青森県,2026,maturity_structure,満期構成・ラダー,SEARCHED_NOT_FOUND,SEARCHED_NOT_FOUND,MEDIUM,https://www.pref.aomori.lg.jp/soshiki/suito/keiri/kessan_main.html,公式サイトをR7/R8、公金運用、基金運用、債券、国債等の語で検索したが、当該年度の比較可能な数値資料を確認できず。
青森県,2026,investment_policy,運用方針,SEARCHED_NOT_FOUND,SEARCHED_NOT_FOUND,MEDIUM,https://www.pref.aomori.lg.jp/soshiki/suito/keiri/kessan_main.html,公式サイトをR7/R8、公金運用、基金運用、債券、国債等の語で検索したが、当該年度の比較可能な数値資料を確認できず。
青森県,2026,risk_policy,リスク管理方針,SEARCHED_NOT_FOUND,SEARCHED_NOT_FOUND,MEDIUM,https://www.pref.aomori.lg.jp/soshiki/suito/keiri/kessan_main.html,公式サイトをR7/R8、公金運用、基金運用、債券、国債等の語で検索したが、当該年度の比較可能な数値資料を確認できず。
岩手県,2025,fund_balance,基金残高/平均基金残高,PARTIAL,PARTIAL_OFFICIAL,HIGH,https://www3.pref.iwate.jp/gikai/user/www/Zenbun/page/350/1164174/1164244,R7見込み利回り0.29%は確認できるが、基金全体の平均残高・債券残高の確定実績は未確認。
岩手県,2025,securities_balance,有価証券・債券残高,PARTIAL,PARTIAL_OFFICIAL,HIGH,https://www3.pref.iwate.jp/gikai/user/www/Zenbun/page/350/1164174/1164244,R7見込み利回り0.29%は確認できるが、基金全体の平均残高・債券残高の確定実績は未確認。
岩手県,2025,government_bond_balance,国債残高,NOT_COMPARABLE,PARTIAL_OFFICIAL,HIGH,https://www3.pref.iwate.jp/gikai/user/www/Zenbun/page/350/1164174/1164244,R7見込み利回り0.29%は確認できるが、基金全体の平均残高・債券残高の確定実績は未確認。
岩手県,2025,bond_breakdown,債券内訳,NOT_COMPARABLE,PARTIAL_OFFICIAL,MEDIUM,https://www3.pref.iwate.jp/gikai/user/www/Zenbun/page/350/1164174/1164244,R7見込み利回り0.29%は確認できるが、基金全体の平均残高・債券残高の確定実績は未確認。
岩手県,2025,yield,運用利回り,AVAILABLE,PARTIAL_OFFICIAL,HIGH,https://www3.pref.iwate.jp/gikai/user/www/Zenbun/page/350/1164174/1164244,R7見込み利回り0.29%は確認できるが、基金全体の平均残高・債券残高の確定実績は未確認。
岩手県,2025,income,運用収入,NOT_COMPARABLE,PARTIAL_OFFICIAL,HIGH,https://www3.pref.iwate.jp/gikai/user/www/Zenbun/page/350/1164174/1164244,R7見込み利回り0.29%は確認できるが、基金全体の平均残高・債券残高の確定実績は未確認。
岩手県,2025,maturity,年限・平均残存年数,NOT_COMPARABLE,PARTIAL_OFFICIAL,HIGH,https://www3.pref.iwate.jp/gikai/user/www/Zenbun/page/350/1164174/1164244,R7見込み利回り0.29%は確認できるが、基金全体の平均残高・債券残高の確定実績は未確認。
岩手県,2025,maturity_structure,満期構成・ラダー,NOT_COMPARABLE,PARTIAL_OFFICIAL,MEDIUM,https://www3.pref.iwate.jp/gikai/user/www/Zenbun/page/350/1164174/1164244,R7見込み利回り0.29%は確認できるが、基金全体の平均残高・債券残高の確定実績は未確認。
岩手県,2025,investment_policy,運用方針,AVAILABLE,PARTIAL_OFFICIAL,MEDIUM,https://www3.pref.iwate.jp/gikai/user/www/Zenbun/page/350/1164174/1164244,R7見込み利回り0.29%は確認できるが、基金全体の平均残高・債券残高の確定実績は未確認。
岩手県,2025,risk_policy,リスク管理方針,NOT_COMPARABLE,PARTIAL_OFFICIAL,MEDIUM,https://www3.pref.iwate.jp/gikai/user/www/Zenbun/page/350/1164174/1164244,R7見込み利回り0.29%は確認できるが、基金全体の平均残高・債券残高の確定実績は未確認。
岩手県,2026,fund_balance,基金残高/平均基金残高,NOT_COMPARABLE,PARTIAL_OFFICIAL,HIGH,https://www3.pref.iwate.jp/gikai/user/www/Zenbun/page/350/1164174/1164244,方針変更は確認できるがR8数値は未確認。
岩手県,2026,securities_balance,有価証券・債券残高,PARTIAL,PARTIAL_OFFICIAL,HIGH,https://www3.pref.iwate.jp/gikai/user/www/Zenbun/page/350/1164174/1164244,方針変更は確認できるがR8数値は未確認。
岩手県,2026,government_bond_balance,国債残高,NOT_COMPARABLE,PARTIAL_OFFICIAL,HIGH,https://www3.pref.iwate.jp/gikai/user/www/Zenbun/page/350/1164174/1164244,方針変更は確認できるがR8数値は未確認。
岩手県,2026,bond_breakdown,債券内訳,NOT_COMPARABLE,PARTIAL_OFFICIAL,MEDIUM,https://www3.pref.iwate.jp/gikai/user/www/Zenbun/page/350/1164174/1164244,方針変更は確認できるがR8数値は未確認。
岩手県,2026,yield,運用利回り,NOT_COMPARABLE,PARTIAL_OFFICIAL,HIGH,https://www3.pref.iwate.jp/gikai/user/www/Zenbun/page/350/1164174/1164244,方針変更は確認できるがR8数値は未確認。
岩手県,2026,income,運用収入,NOT_COMPARABLE,PARTIAL_OFFICIAL,HIGH,https://www3.pref.iwate.jp/gikai/user/www/Zenbun/page/350/1164174/1164244,方針変更は確認できるがR8数値は未確認。
岩手県,2026,maturity,年限・平均残存年数,NOT_COMPARABLE,PARTIAL_OFFICIAL,HIGH,https://www3.pref.iwate.jp/gikai/user/www/Zenbun/page/350/1164174/1164244,方針変更は確認できるがR8数値は未確認。
岩手県,2026,maturity_structure,満期構成・ラダー,NOT_COMPARABLE,PARTIAL_OFFICIAL,MEDIUM,https://www3.pref.iwate.jp/gikai/user/www/Zenbun/page/350/1164174/1164244,方針変更は確認できるがR8数値は未確認。
岩手県,2026,investment_policy,運用方針,AVAILABLE,PARTIAL_OFFICIAL,MEDIUM,https://www3.pref.iwate.jp/gikai/user/www/Zenbun/page/350/1164174/1164244,方針変更は確認できるがR8数値は未確認。
岩手県,2026,risk_policy,リスク管理方針,NOT_COMPARABLE,PARTIAL_OFFICIAL,MEDIUM,https://www3.pref.iwate.jp/gikai/user/www/Zenbun/page/350/1164174/1164244,方針変更は確認できるがR8数値は未確認。
宮城県,2025,fund_balance,基金残高/平均基金残高,PARTIAL,PARTIAL_OFFICIAL,HIGH,https://www.pref.miyagi.jp/soshiki/kaishi/toshi-hyomei2.html,長期運用可能資金の一部で債券購入を行い、基金で債券を保有していることは公式確認。基金全体の債券残高・利回り等は未確認。
宮城県,2025,securities_balance,有価証券・債券残高,PARTIAL,PARTIAL_OFFICIAL,HIGH,https://www.pref.miyagi.jp/soshiki/kaishi/toshi-hyomei2.html,長期運用可能資金の一部で債券購入を行い、基金で債券を保有していることは公式確認。基金全体の債券残高・利回り等は未確認。
宮城県,2025,government_bond_balance,国債残高,NOT_COMPARABLE,PARTIAL_OFFICIAL,HIGH,https://www.pref.miyagi.jp/soshiki/kaishi/toshi-hyomei2.html,長期運用可能資金の一部で債券購入を行い、基金で債券を保有していることは公式確認。基金全体の債券残高・利回り等は未確認。
宮城県,2025,bond_breakdown,債券内訳,NOT_COMPARABLE,PARTIAL_OFFICIAL,MEDIUM,https://www.pref.miyagi.jp/soshiki/kaishi/toshi-hyomei2.html,長期運用可能資金の一部で債券購入を行い、基金で債券を保有していることは公式確認。基金全体の債券残高・利回り等は未確認。
宮城県,2025,yield,運用利回り,PARTIAL,PARTIAL_OFFICIAL,HIGH,https://www.pref.miyagi.jp/soshiki/kaishi/toshi-hyomei2.html,長期運用可能資金の一部で債券購入を行い、基金で債券を保有していることは公式確認。基金全体の債券残高・利回り等は未確認。
宮城県,2025,income,運用収入,NOT_COMPARABLE,PARTIAL_OFFICIAL,HIGH,https://www.pref.miyagi.jp/soshiki/kaishi/toshi-hyomei2.html,長期運用可能資金の一部で債券購入を行い、基金で債券を保有していることは公式確認。基金全体の債券残高・利回り等は未確認。
宮城県,2025,maturity,年限・平均残存年数,NOT_COMPARABLE,PARTIAL_OFFICIAL,HIGH,https://www.pref.miyagi.jp/soshiki/kaishi/toshi-hyomei2.html,長期運用可能資金の一部で債券購入を行い、基金で債券を保有していることは公式確認。基金全体の債券残高・利回り等は未確認。
宮城県,2025,maturity_structure,満期構成・ラダー,NOT_COMPARABLE,PARTIAL_OFFICIAL,MEDIUM,https://www.pref.miyagi.jp/soshiki/kaishi/toshi-hyomei2.html,長期運用可能資金の一部で債券購入を行い、基金で債券を保有していることは公式確認。基金全体の債券残高・利回り等は未確認。
宮城県,2025,investment_policy,運用方針,AVAILABLE,PARTIAL_OFFICIAL,MEDIUM,https://www.pref.miyagi.jp/soshiki/kaishi/toshi-hyomei2.html,長期運用可能資金の一部で債券購入を行い、基金で債券を保有していることは公式確認。基金全体の債券残高・利回り等は未確認。
宮城県,2025,risk_policy,リスク管理方針,AVAILABLE,PARTIAL_OFFICIAL,MEDIUM,https://www.pref.miyagi.jp/soshiki/kaishi/toshi-hyomei2.html,長期運用可能資金の一部で債券購入を行い、基金で債券を保有していることは公式確認。基金全体の債券残高・利回り等は未確認。
宮城県,2026,fund_balance,基金残高/平均基金残高,PARTIAL,PARTIAL_OFFICIAL,HIGH,https://www.pref.miyagi.jp/soshiki/kaishi/index.html,長期運用可能基金で債券投資を行う方針は確認できるがR8数値なし。
宮城県,2026,securities_balance,有価証券・債券残高,PARTIAL,PARTIAL_OFFICIAL,HIGH,https://www.pref.miyagi.jp/soshiki/kaishi/index.html,長期運用可能基金で債券投資を行う方針は確認できるがR8数値なし。
宮城県,2026,government_bond_balance,国債残高,NOT_COMPARABLE,PARTIAL_OFFICIAL,HIGH,https://www.pref.miyagi.jp/soshiki/kaishi/index.html,長期運用可能基金で債券投資を行う方針は確認できるがR8数値なし。
宮城県,2026,bond_breakdown,債券内訳,NOT_COMPARABLE,PARTIAL_OFFICIAL,MEDIUM,https://www.pref.miyagi.jp/soshiki/kaishi/index.html,長期運用可能基金で債券投資を行う方針は確認できるがR8数値なし。
宮城県,2026,yield,運用利回り,NOT_COMPARABLE,PARTIAL_OFFICIAL,HIGH,https://www.pref.miyagi.jp/soshiki/kaishi/index.html,長期運用可能基金で債券投資を行う方針は確認できるがR8数値なし。
宮城県,2026,income,運用収入,NOT_COMPARABLE,PARTIAL_OFFICIAL,HIGH,https://www.pref.miyagi.jp/soshiki/kaishi/index.html,長期運用可能基金で債券投資を行う方針は確認できるがR8数値なし。
宮城県,2026,maturity,年限・平均残存年数,NOT_COMPARABLE,PARTIAL_OFFICIAL,HIGH,https://www.pref.miyagi.jp/soshiki/kaishi/index.html,長期運用可能基金で債券投資を行う方針は確認できるがR8数値なし。
宮城県,2026,maturity_structure,満期構成・ラダー,NOT_COMPARABLE,PARTIAL_OFFICIAL,MEDIUM,https://www.pref.miyagi.jp/soshiki/kaishi/index.html,長期運用可能基金で債券投資を行う方針は確認できるがR8数値なし。
宮城県,2026,investment_policy,運用方針,AVAILABLE,PARTIAL_OFFICIAL,MEDIUM,https://www.pref.miyagi.jp/soshiki/kaishi/index.html,長期運用可能基金で債券投資を行う方針は確認できるがR8数値なし。
宮城県,2026,risk_policy,リスク管理方針,AVAILABLE,PARTIAL_OFFICIAL,MEDIUM,https://www.pref.miyagi.jp/soshiki/kaishi/index.html,長期運用可能基金で債券投資を行う方針は確認できるがR8数値なし。
秋田県,2025,fund_balance,基金残高/平均基金残高,PARTIAL,PARTIAL_OFFICIAL,HIGH,https://www.pref.akita.lg.jp/uploads/public/archive_0000094309_00/%E8%A1%8C%E8%B2%A1%E6%94%BF%E9%81%8B%E5%96%B6%E6%96%B9%E9%87%9D.pdf,債券運用拡大の方針は確認できるが、R7基金全体の債券残高・利回り等は未確認。
秋田県,2025,securities_balance,有価証券・債券残高,PARTIAL,PARTIAL_OFFICIAL,HIGH,https://www.pref.akita.lg.jp/uploads/public/archive_0000094309_00/%E8%A1%8C%E8%B2%A1%E6%94%BF%E9%81%8B%E5%96%B6%E6%96%B9%E9%87%9D.pdf,債券運用拡大の方針は確認できるが、R7基金全体の債券残高・利回り等は未確認。
秋田県,2025,government_bond_balance,国債残高,NOT_COMPARABLE,PARTIAL_OFFICIAL,HIGH,https://www.pref.akita.lg.jp/uploads/public/archive_0000094309_00/%E8%A1%8C%E8%B2%A1%E6%94%BF%E9%81%8B%E5%96%B6%E6%96%B9%E9%87%9D.pdf,債券運用拡大の方針は確認できるが、R7基金全体の債券残高・利回り等は未確認。
秋田県,2025,bond_breakdown,債券内訳,NOT_COMPARABLE,PARTIAL_OFFICIAL,MEDIUM,https://www.pref.akita.lg.jp/uploads/public/archive_0000094309_00/%E8%A1%8C%E8%B2%A1%E6%94%BF%E9%81%8B%E5%96%B6%E6%96%B9%E9%87%9D.pdf,債券運用拡大の方針は確認できるが、R7基金全体の債券残高・利回り等は未確認。
秋田県,2025,yield,運用利回り,PARTIAL,PARTIAL_OFFICIAL,HIGH,https://www.pref.akita.lg.jp/uploads/public/archive_0000094309_00/%E8%A1%8C%E8%B2%A1%E6%94%BF%E9%81%8B%E5%96%B6%E6%96%B9%E9%87%9D.pdf,債券運用拡大の方針は確認できるが、R7基金全体の債券残高・利回り等は未確認。
秋田県,2025,income,運用収入,NOT_COMPARABLE,PARTIAL_OFFICIAL,HIGH,https://www.pref.akita.lg.jp/uploads/public/archive_0000094309_00/%E8%A1%8C%E8%B2%A1%E6%94%BF%E9%81%8B%E5%96%B6%E6%96%B9%E9%87%9D.pdf,債券運用拡大の方針は確認できるが、R7基金全体の債券残高・利回り等は未確認。
秋田県,2025,maturity,年限・平均残存年数,NOT_COMPARABLE,PARTIAL_OFFICIAL,HIGH,https://www.pref.akita.lg.jp/uploads/public/archive_0000094309_00/%E8%A1%8C%E8%B2%A1%E6%94%BF%E9%81%8B%E5%96%B6%E6%96%B9%E9%87%9D.pdf,債券運用拡大の方針は確認できるが、R7基金全体の債券残高・利回り等は未確認。
秋田県,2025,maturity_structure,満期構成・ラダー,NOT_COMPARABLE,PARTIAL_OFFICIAL,MEDIUM,https://www.pref.akita.lg.jp/uploads/public/archive_0000094309_00/%E8%A1%8C%E8%B2%A1%E6%94%BF%E9%81%8B%E5%96%B6%E6%96%B9%E9%87%9D.pdf,債券運用拡大の方針は確認できるが、R7基金全体の債券残高・利回り等は未確認。
秋田県,2025,investment_policy,運用方針,AVAILABLE,PARTIAL_OFFICIAL,MEDIUM,https://www.pref.akita.lg.jp/uploads/public/archive_0000094309_00/%E8%A1%8C%E8%B2%A1%E6%94%BF%E9%81%8B%E5%96%B6%E6%96%B9%E9%87%9D.pdf,債券運用拡大の方針は確認できるが、R7基金全体の債券残高・利回り等は未確認。
秋田県,2025,risk_policy,リスク管理方針,AVAILABLE,PARTIAL_OFFICIAL,MEDIUM,https://www.pref.akita.lg.jp/uploads/public/archive_0000094309_00/%E8%A1%8C%E8%B2%A1%E6%94%BF%E9%81%8B%E5%96%B6%E6%96%B9%E9%87%9D.pdf,債券運用拡大の方針は確認できるが、R7基金全体の債券残高・利回り等は未確認。
秋田県,2026,fund_balance,基金残高/平均基金残高,PARTIAL,PARTIAL_OFFICIAL,HIGH,https://www.pref.akita.lg.jp/uploads/public/archive_0000094309_00/%E8%A1%8C%E8%B2%A1%E6%94%BF%E9%81%8B%E5%96%B6%E6%96%B9%E9%87%9D.pdf,公式サイトをR7/R8、公金運用、基金運用、債券、国債等の語で検索したが、当該年度の比較可能な数値資料を確認できず。
秋田県,2026,securities_balance,有価証券・債券残高,PARTIAL,PARTIAL_OFFICIAL,HIGH,https://www.pref.akita.lg.jp/uploads/public/archive_0000094309_00/%E8%A1%8C%E8%B2%A1%E6%94%BF%E9%81%8B%E5%96%B6%E6%96%B9%E9%87%9D.pdf,公式サイトをR7/R8、公金運用、基金運用、債券、国債等の語で検索したが、当該年度の比較可能な数値資料を確認できず。
秋田県,2026,government_bond_balance,国債残高,PARTIAL,PARTIAL_OFFICIAL,HIGH,https://www.pref.akita.lg.jp/uploads/public/archive_0000094309_00/%E8%A1%8C%E8%B2%A1%E6%94%BF%E9%81%8B%E5%96%B6%E6%96%B9%E9%87%9D.pdf,公式サイトをR7/R8、公金運用、基金運用、債券、国債等の語で検索したが、当該年度の比較可能な数値資料を確認できず。
秋田県,2026,bond_breakdown,債券内訳,PARTIAL,PARTIAL_OFFICIAL,MEDIUM,https://www.pref.akita.lg.jp/uploads/public/archive_0000094309_00/%E8%A1%8C%E8%B2%A1%E6%94%BF%E9%81%8B%E5%96%B6%E6%96%B9%E9%87%9D.pdf,公式サイトをR7/R8、公金運用、基金運用、債券、国債等の語で検索したが、当該年度の比較可能な数値資料を確認できず。
秋田県,2026,yield,運用利回り,NOT_COMPARABLE,PARTIAL_OFFICIAL,HIGH,https://www.pref.akita.lg.jp/uploads/public/archive_0000094309_00/%E8%A1%8C%E8%B2%A1%E6%94%BF%E9%81%8B%E5%96%B6%E6%96%B9%E9%87%9D.pdf,公式サイトをR7/R8、公金運用、基金運用、債券、国債等の語で検索したが、当該年度の比較可能な数値資料を確認できず。
秋田県,2026,income,運用収入,NOT_COMPARABLE,PARTIAL_OFFICIAL,HIGH,https://www.pref.akita.lg.jp/uploads/public/archive_0000094309_00/%E8%A1%8C%E8%B2%A1%E6%94%BF%E9%81%8B%E5%96%B6%E6%96%B9%E9%87%9D.pdf,公式サイトをR7/R8、公金運用、基金運用、債券、国債等の語で検索したが、当該年度の比較可能な数値資料を確認できず。
秋田県,2026,maturity,年限・平均残存年数,NOT_COMPARABLE,PARTIAL_OFFICIAL,HIGH,https://www.pref.akita.lg.jp/uploads/public/archive_0000094309_00/%E8%A1%8C%E8%B2%A1%E6%94%BF%E9%81%8B%E5%96%B6%E6%96%B9%E9%87%9D.pdf,公式サイトをR7/R8、公金運用、基金運用、債券、国債等の語で検索したが、当該年度の比較可能な数値資料を確認できず。
秋田県,2026,maturity_structure,満期構成・ラダー,NOT_COMPARABLE,PARTIAL_OFFICIAL,MEDIUM,https://www.pref.akita.lg.jp/uploads/public/archive_0000094309_00/%E8%A1%8C%E8%B2%A1%E6%94%BF%E9%81%8B%E5%96%B6%E6%96%B9%E9%87%9D.pdf,公式サイトをR7/R8、公金運用、基金運用、債券、国債等の語で検索したが、当該年度の比較可能な数値資料を確認できず。
秋田県,2026,investment_policy,運用方針,AVAILABLE,PARTIAL_OFFICIAL,MEDIUM,https://www.pref.akita.lg.jp/uploads/public/archive_0000094309_00/%E8%A1%8C%E8%B2%A1%E6%94%BF%E9%81%8B%E5%96%B6%E6%96%B9%E9%87%9D.pdf,公式サイトをR7/R8、公金運用、基金運用、債券、国債等の語で検索したが、当該年度の比較可能な数値資料を確認できず。
秋田県,2026,risk_policy,リスク管理方針,AVAILABLE,PARTIAL_OFFICIAL,MEDIUM,https://www.pref.akita.lg.jp/uploads/public/archive_0000094309_00/%E8%A1%8C%E8%B2%A1%E6%94%BF%E9%81%8B%E5%96%B6%E6%96%B9%E9%87%9D.pdf,公式サイトをR7/R8、公金運用、基金運用、債券、国債等の語で検索したが、当該年度の比較可能な数値資料を確認できず。
山形県,2025,fund_balance,基金残高/平均基金残高,PARTIAL,PARTIAL_OFFICIAL,HIGH,https://www.pref.yamagata.jp/020004/kensei/zaisei/kessan/zaiseijyoukyoukouhyou.html,基金状況の公表は確認できるが、基金全体の運用商品別残高・利回りを比較できる専用実績表は本調査では確認できず。
山形県,2025,securities_balance,有価証券・債券残高,NOT_COMPARABLE,PARTIAL_OFFICIAL,HIGH,https://www.pref.yamagata.jp/020004/kensei/zaisei/kessan/zaiseijyoukyoukouhyou.html,基金状況の公表は確認できるが、基金全体の運用商品別残高・利回りを比較できる専用実績表は本調査では確認できず。
山形県,2025,government_bond_balance,国債残高,NOT_COMPARABLE,PARTIAL_OFFICIAL,HIGH,https://www.pref.yamagata.jp/020004/kensei/zaisei/kessan/zaiseijyoukyoukouhyou.html,基金状況の公表は確認できるが、基金全体の運用商品別残高・利回りを比較できる専用実績表は本調査では確認できず。
山形県,2025,bond_breakdown,債券内訳,NOT_COMPARABLE,PARTIAL_OFFICIAL,MEDIUM,https://www.pref.yamagata.jp/020004/kensei/zaisei/kessan/zaiseijyoukyoukouhyou.html,基金状況の公表は確認できるが、基金全体の運用商品別残高・利回りを比較できる専用実績表は本調査では確認できず。
山形県,2025,yield,運用利回り,PARTIAL,PARTIAL_OFFICIAL,HIGH,https://www.pref.yamagata.jp/020004/kensei/zaisei/kessan/zaiseijyoukyoukouhyou.html,基金状況の公表は確認できるが、基金全体の運用商品別残高・利回りを比較できる専用実績表は本調査では確認できず。
山形県,2025,income,運用収入,NOT_COMPARABLE,PARTIAL_OFFICIAL,HIGH,https://www.pref.yamagata.jp/020004/kensei/zaisei/kessan/zaiseijyoukyoukouhyou.html,基金状況の公表は確認できるが、基金全体の運用商品別残高・利回りを比較できる専用実績表は本調査では確認できず。
山形県,2025,maturity,年限・平均残存年数,NOT_COMPARABLE,PARTIAL_OFFICIAL,HIGH,https://www.pref.yamagata.jp/020004/kensei/zaisei/kessan/zaiseijyoukyoukouhyou.html,基金状況の公表は確認できるが、基金全体の運用商品別残高・利回りを比較できる専用実績表は本調査では確認できず。
山形県,2025,maturity_structure,満期構成・ラダー,NOT_COMPARABLE,PARTIAL_OFFICIAL,MEDIUM,https://www.pref.yamagata.jp/020004/kensei/zaisei/kessan/zaiseijyoukyoukouhyou.html,基金状況の公表は確認できるが、基金全体の運用商品別残高・利回りを比較できる専用実績表は本調査では確認できず。
山形県,2025,investment_policy,運用方針,NOT_COMPARABLE,PARTIAL_OFFICIAL,MEDIUM,https://www.pref.yamagata.jp/020004/kensei/zaisei/kessan/zaiseijyoukyoukouhyou.html,基金状況の公表は確認できるが、基金全体の運用商品別残高・利回りを比較できる専用実績表は本調査では確認できず。
山形県,2025,risk_policy,リスク管理方針,NOT_COMPARABLE,PARTIAL_OFFICIAL,MEDIUM,https://www.pref.yamagata.jp/020004/kensei/zaisei/kessan/zaiseijyoukyoukouhyou.html,基金状況の公表は確認できるが、基金全体の運用商品別残高・利回りを比較できる専用実績表は本調査では確認できず。
山形県,2026,fund_balance,基金残高/平均基金残高,PARTIAL,PARTIAL_OFFICIAL,HIGH,https://www.pref.yamagata.jp/020004/kensei/zaisei/kessan/zaiseijyoukyoukouhyou.html,年間基金計画・長期見通し・運用商品選定等の管理枠組みは確認、R8数値は未確認。
山形県,2026,securities_balance,有価証券・債券残高,NOT_COMPARABLE,PARTIAL_OFFICIAL,HIGH,https://www.pref.yamagata.jp/020004/kensei/zaisei/kessan/zaiseijyoukyoukouhyou.html,年間基金計画・長期見通し・運用商品選定等の管理枠組みは確認、R8数値は未確認。
山形県,2026,government_bond_balance,国債残高,NOT_COMPARABLE,PARTIAL_OFFICIAL,HIGH,https://www.pref.yamagata.jp/020004/kensei/zaisei/kessan/zaiseijyoukyoukouhyou.html,年間基金計画・長期見通し・運用商品選定等の管理枠組みは確認、R8数値は未確認。
山形県,2026,bond_breakdown,債券内訳,NOT_COMPARABLE,PARTIAL_OFFICIAL,MEDIUM,https://www.pref.yamagata.jp/020004/kensei/zaisei/kessan/zaiseijyoukyoukouhyou.html,年間基金計画・長期見通し・運用商品選定等の管理枠組みは確認、R8数値は未確認。
山形県,2026,yield,運用利回り,NOT_COMPARABLE,PARTIAL_OFFICIAL,HIGH,https://www.pref.yamagata.jp/020004/kensei/zaisei/kessan/zaiseijyoukyoukouhyou.html,年間基金計画・長期見通し・運用商品選定等の管理枠組みは確認、R8数値は未確認。
山形県,2026,income,運用収入,NOT_COMPARABLE,PARTIAL_OFFICIAL,HIGH,https://www.pref.yamagata.jp/020004/kensei/zaisei/kessan/zaiseijyoukyoukouhyou.html,年間基金計画・長期見通し・運用商品選定等の管理枠組みは確認、R8数値は未確認。
山形県,2026,maturity,年限・平均残存年数,NOT_COMPARABLE,PARTIAL_OFFICIAL,HIGH,https://www.pref.yamagata.jp/020004/kensei/zaisei/kessan/zaiseijyoukyoukouhyou.html,年間基金計画・長期見通し・運用商品選定等の管理枠組みは確認、R8数値は未確認。
山形県,2026,maturity_structure,満期構成・ラダー,NOT_COMPARABLE,PARTIAL_OFFICIAL,MEDIUM,https://www.pref.yamagata.jp/020004/kensei/zaisei/kessan/zaiseijyoukyoukouhyou.html,年間基金計画・長期見通し・運用商品選定等の管理枠組みは確認、R8数値は未確認。
山形県,2026,investment_policy,運用方針,AVAILABLE,PARTIAL_OFFICIAL,MEDIUM,https://www.pref.yamagata.jp/020004/kensei/zaisei/kessan/zaiseijyoukyoukouhyou.html,年間基金計画・長期見通し・運用商品選定等の管理枠組みは確認、R8数値は未確認。
山形県,2026,risk_policy,リスク管理方針,AVAILABLE,PARTIAL_OFFICIAL,MEDIUM,https://www.pref.yamagata.jp/020004/kensei/zaisei/kessan/zaiseijyoukyoukouhyou.html,年間基金計画・長期見通し・運用商品選定等の管理枠組みは確認、R8数値は未確認。
福島県,2025,fund_balance,基金残高/平均基金残高,AVAILABLE,NUMERIC_OFFICIAL,HIGH,https://www.pref.fukushima.lg.jp/sec/55015a/koukin.html,基金の預金・債券平均残高、各利回り、運用収入まで比較可能。年限情報は当該実績表では未確認。
福島県,2025,securities_balance,有価証券・債券残高,AVAILABLE,NUMERIC_OFFICIAL,HIGH,https://www.pref.fukushima.lg.jp/sec/55015a/koukin.html,基金の預金・債券平均残高、各利回り、運用収入まで比較可能。年限情報は当該実績表では未確認。
福島県,2025,government_bond_balance,国債残高,NOT_COMPARABLE,NUMERIC_OFFICIAL,HIGH,https://www.pref.fukushima.lg.jp/sec/55015a/koukin.html,基金の預金・債券平均残高、各利回り、運用収入まで比較可能。年限情報は当該実績表では未確認。
福島県,2025,bond_breakdown,債券内訳,NOT_COMPARABLE,NUMERIC_OFFICIAL,MEDIUM,https://www.pref.fukushima.lg.jp/sec/55015a/koukin.html,基金の預金・債券平均残高、各利回り、運用収入まで比較可能。年限情報は当該実績表では未確認。
福島県,2025,yield,運用利回り,AVAILABLE,NUMERIC_OFFICIAL,HIGH,https://www.pref.fukushima.lg.jp/sec/55015a/koukin.html,基金の預金・債券平均残高、各利回り、運用収入まで比較可能。年限情報は当該実績表では未確認。
福島県,2025,income,運用収入,AVAILABLE,NUMERIC_OFFICIAL,HIGH,https://www.pref.fukushima.lg.jp/sec/55015a/koukin.html,基金の預金・債券平均残高、各利回り、運用収入まで比較可能。年限情報は当該実績表では未確認。
福島県,2025,maturity,年限・平均残存年数,PARTIAL,NUMERIC_OFFICIAL,HIGH,https://www.pref.fukushima.lg.jp/sec/55015a/koukin.html,基金の預金・債券平均残高、各利回り、運用収入まで比較可能。年限情報は当該実績表では未確認。
福島県,2025,maturity_structure,満期構成・ラダー,NOT_COMPARABLE,NUMERIC_OFFICIAL,MEDIUM,https://www.pref.fukushima.lg.jp/sec/55015a/koukin.html,基金の預金・債券平均残高、各利回り、運用収入まで比較可能。年限情報は当該実績表では未確認。
福島県,2025,investment_policy,運用方針,AVAILABLE,NUMERIC_OFFICIAL,MEDIUM,https://www.pref.fukushima.lg.jp/sec/55015a/koukin.html,基金の預金・債券平均残高、各利回り、運用収入まで比較可能。年限情報は当該実績表では未確認。
福島県,2025,risk_policy,リスク管理方針,NOT_COMPARABLE,NUMERIC_OFFICIAL,MEDIUM,https://www.pref.fukushima.lg.jp/sec/55015a/koukin.html,基金の預金・債券平均残高、各利回り、運用収入まで比較可能。年限情報は当該実績表では未確認。
福島県,2026,fund_balance,基金残高/平均基金残高,NOT_COMPARABLE,PARTIAL_OFFICIAL,HIGH,https://www.pref.fukushima.lg.jp/sec/55015a/koukin.html,R7年間実績は詳細だが、R8年度途中の数値実績は本調査では確認できず。
福島県,2026,securities_balance,有価証券・債券残高,NOT_COMPARABLE,PARTIAL_OFFICIAL,HIGH,https://www.pref.fukushima.lg.jp/sec/55015a/koukin.html,R7年間実績は詳細だが、R8年度途中の数値実績は本調査では確認できず。
福島県,2026,government_bond_balance,国債残高,NOT_COMPARABLE,PARTIAL_OFFICIAL,HIGH,https://www.pref.fukushima.lg.jp/sec/55015a/koukin.html,R7年間実績は詳細だが、R8年度途中の数値実績は本調査では確認できず。
福島県,2026,bond_breakdown,債券内訳,NOT_COMPARABLE,PARTIAL_OFFICIAL,MEDIUM,https://www.pref.fukushima.lg.jp/sec/55015a/koukin.html,R7年間実績は詳細だが、R8年度途中の数値実績は本調査では確認できず。
福島県,2026,yield,運用利回り,NOT_COMPARABLE,PARTIAL_OFFICIAL,HIGH,https://www.pref.fukushima.lg.jp/sec/55015a/koukin.html,R7年間実績は詳細だが、R8年度途中の数値実績は本調査では確認できず。
福島県,2026,income,運用収入,NOT_COMPARABLE,PARTIAL_OFFICIAL,HIGH,https://www.pref.fukushima.lg.jp/sec/55015a/koukin.html,R7年間実績は詳細だが、R8年度途中の数値実績は本調査では確認できず。
福島県,2026,maturity,年限・平均残存年数,NOT_COMPARABLE,PARTIAL_OFFICIAL,HIGH,https://www.pref.fukushima.lg.jp/sec/55015a/koukin.html,R7年間実績は詳細だが、R8年度途中の数値実績は本調査では確認できず。
福島県,2026,maturity_structure,満期構成・ラダー,NOT_COMPARABLE,PARTIAL_OFFICIAL,MEDIUM,https://www.pref.fukushima.lg.jp/sec/55015a/koukin.html,R7年間実績は詳細だが、R8年度途中の数値実績は本調査では確認できず。
福島県,2026,investment_policy,運用方針,AVAILABLE,PARTIAL_OFFICIAL,MEDIUM,https://www.pref.fukushima.lg.jp/sec/55015a/koukin.html,R7年間実績は詳細だが、R8年度途中の数値実績は本調査では確認できず。
福島県,2026,risk_policy,リスク管理方針,NOT_COMPARABLE,PARTIAL_OFFICIAL,MEDIUM,https://www.pref.fukushima.lg.jp/sec/55015a/koukin.html,R7年間実績は詳細だが、R8年度途中の数値実績は本調査では確認できず。
茨城県,2025,fund_balance,基金残高/平均基金残高,AVAILABLE,NUMERIC_OFFICIAL_PLAN,HIGH,https://www.pref.ibaraki.jp/somu/zaisei/kanri/documents/r8shikinkanrihoushin.pdf,R7欄は見込み値。平均残高・利回り・収入はあるが債券残高の実績値は未確認。
茨城県,2025,securities_balance,有価証券・債券残高,PARTIAL,NUMERIC_OFFICIAL_PLAN,HIGH,https://www.pref.ibaraki.jp/somu/zaisei/kanri/documents/r8shikinkanrihoushin.pdf,R7欄は見込み値。平均残高・利回り・収入はあるが債券残高の実績値は未確認。
茨城県,2025,government_bond_balance,国債残高,NOT_COMPARABLE,NUMERIC_OFFICIAL_PLAN,HIGH,https://www.pref.ibaraki.jp/somu/zaisei/kanri/documents/r8shikinkanrihoushin.pdf,R7欄は見込み値。平均残高・利回り・収入はあるが債券残高の実績値は未確認。
茨城県,2025,bond_breakdown,債券内訳,NOT_COMPARABLE,NUMERIC_OFFICIAL_PLAN,MEDIUM,https://www.pref.ibaraki.jp/somu/zaisei/kanri/documents/r8shikinkanrihoushin.pdf,R7欄は見込み値。平均残高・利回り・収入はあるが債券残高の実績値は未確認。
茨城県,2025,yield,運用利回り,AVAILABLE,NUMERIC_OFFICIAL_PLAN,HIGH,https://www.pref.ibaraki.jp/somu/zaisei/kanri/documents/r8shikinkanrihoushin.pdf,R7欄は見込み値。平均残高・利回り・収入はあるが債券残高の実績値は未確認。
茨城県,2025,income,運用収入,AVAILABLE,NUMERIC_OFFICIAL_PLAN,HIGH,https://www.pref.ibaraki.jp/somu/zaisei/kanri/documents/r8shikinkanrihoushin.pdf,R7欄は見込み値。平均残高・利回り・収入はあるが債券残高の実績値は未確認。
茨城県,2025,maturity,年限・平均残存年数,NOT_COMPARABLE,NUMERIC_OFFICIAL_PLAN,HIGH,https://www.pref.ibaraki.jp/somu/zaisei/kanri/documents/r8shikinkanrihoushin.pdf,R7欄は見込み値。平均残高・利回り・収入はあるが債券残高の実績値は未確認。
茨城県,2025,maturity_structure,満期構成・ラダー,NOT_COMPARABLE,NUMERIC_OFFICIAL_PLAN,MEDIUM,https://www.pref.ibaraki.jp/somu/zaisei/kanri/documents/r8shikinkanrihoushin.pdf,R7欄は見込み値。平均残高・利回り・収入はあるが債券残高の実績値は未確認。
茨城県,2025,investment_policy,運用方針,AVAILABLE,NUMERIC_OFFICIAL_PLAN,MEDIUM,https://www.pref.ibaraki.jp/somu/zaisei/kanri/documents/r8shikinkanrihoushin.pdf,R7欄は見込み値。平均残高・利回り・収入はあるが債券残高の実績値は未確認。
茨城県,2025,risk_policy,リスク管理方針,NOT_COMPARABLE,NUMERIC_OFFICIAL_PLAN,MEDIUM,https://www.pref.ibaraki.jp/somu/zaisei/kanri/documents/r8shikinkanrihoushin.pdf,R7欄は見込み値。平均残高・利回り・収入はあるが債券残高の実績値は未確認。
茨城県,2026,fund_balance,基金残高/平均基金残高,PARTIAL,PARTIAL_OFFICIAL,HIGH,https://www.pref.ibaraki.jp/somu/zaisei/kanri/documents/r8shikinkanrihoushin.pdf,R8方針は明確だが本調査で年度途中実績数値は未確認。
茨城県,2026,securities_balance,有価証券・債券残高,PARTIAL,PARTIAL_OFFICIAL,HIGH,https://www.pref.ibaraki.jp/somu/zaisei/kanri/documents/r8shikinkanrihoushin.pdf,R8方針は明確だが本調査で年度途中実績数値は未確認。
茨城県,2026,government_bond_balance,国債残高,NOT_COMPARABLE,PARTIAL_OFFICIAL,HIGH,https://www.pref.ibaraki.jp/somu/zaisei/kanri/documents/r8shikinkanrihoushin.pdf,R8方針は明確だが本調査で年度途中実績数値は未確認。
茨城県,2026,bond_breakdown,債券内訳,NOT_COMPARABLE,PARTIAL_OFFICIAL,MEDIUM,https://www.pref.ibaraki.jp/somu/zaisei/kanri/documents/r8shikinkanrihoushin.pdf,R8方針は明確だが本調査で年度途中実績数値は未確認。
茨城県,2026,yield,運用利回り,NOT_COMPARABLE,PARTIAL_OFFICIAL,HIGH,https://www.pref.ibaraki.jp/somu/zaisei/kanri/documents/r8shikinkanrihoushin.pdf,R8方針は明確だが本調査で年度途中実績数値は未確認。
茨城県,2026,income,運用収入,NOT_COMPARABLE,PARTIAL_OFFICIAL,HIGH,https://www.pref.ibaraki.jp/somu/zaisei/kanri/documents/r8shikinkanrihoushin.pdf,R8方針は明確だが本調査で年度途中実績数値は未確認。
茨城県,2026,maturity,年限・平均残存年数,NOT_COMPARABLE,PARTIAL_OFFICIAL,HIGH,https://www.pref.ibaraki.jp/somu/zaisei/kanri/documents/r8shikinkanrihoushin.pdf,R8方針は明確だが本調査で年度途中実績数値は未確認。
茨城県,2026,maturity_structure,満期構成・ラダー,NOT_COMPARABLE,PARTIAL_OFFICIAL,MEDIUM,https://www.pref.ibaraki.jp/somu/zaisei/kanri/documents/r8shikinkanrihoushin.pdf,R8方針は明確だが本調査で年度途中実績数値は未確認。
茨城県,2026,investment_policy,運用方針,AVAILABLE,PARTIAL_OFFICIAL,MEDIUM,https://www.pref.ibaraki.jp/somu/zaisei/kanri/documents/r8shikinkanrihoushin.pdf,R8方針は明確だが本調査で年度途中実績数値は未確認。
茨城県,2026,risk_policy,リスク管理方針,AVAILABLE,PARTIAL_OFFICIAL,MEDIUM,https://www.pref.ibaraki.jp/somu/zaisei/kanri/documents/r8shikinkanrihoushin.pdf,R8方針は明確だが本調査で年度途中実績数値は未確認。
栃木県,2025,fund_balance,基金残高/平均基金残高,SEARCHED_NOT_FOUND,SEARCHED_NOT_FOUND,HIGH,https://www.pref.tochigi.lg.jp/i02/koukinunyou.html,公式「公金運用」ページは調査時点でR6実績まで。R7実績の掲載を確認できず。
栃木県,2025,securities_balance,有価証券・債券残高,SEARCHED_NOT_FOUND,SEARCHED_NOT_FOUND,HIGH,https://www.pref.tochigi.lg.jp/i02/koukinunyou.html,公式「公金運用」ページは調査時点でR6実績まで。R7実績の掲載を確認できず。
栃木県,2025,government_bond_balance,国債残高,SEARCHED_NOT_FOUND,SEARCHED_NOT_FOUND,HIGH,https://www.pref.tochigi.lg.jp/i02/koukinunyou.html,公式「公金運用」ページは調査時点でR6実績まで。R7実績の掲載を確認できず。
栃木県,2025,bond_breakdown,債券内訳,SEARCHED_NOT_FOUND,SEARCHED_NOT_FOUND,MEDIUM,https://www.pref.tochigi.lg.jp/i02/koukinunyou.html,公式「公金運用」ページは調査時点でR6実績まで。R7実績の掲載を確認できず。
栃木県,2025,yield,運用利回り,SEARCHED_NOT_FOUND,SEARCHED_NOT_FOUND,HIGH,https://www.pref.tochigi.lg.jp/i02/koukinunyou.html,公式「公金運用」ページは調査時点でR6実績まで。R7実績の掲載を確認できず。
栃木県,2025,income,運用収入,SEARCHED_NOT_FOUND,SEARCHED_NOT_FOUND,HIGH,https://www.pref.tochigi.lg.jp/i02/koukinunyou.html,公式「公金運用」ページは調査時点でR6実績まで。R7実績の掲載を確認できず。
栃木県,2025,maturity,年限・平均残存年数,SEARCHED_NOT_FOUND,SEARCHED_NOT_FOUND,HIGH,https://www.pref.tochigi.lg.jp/i02/koukinunyou.html,公式「公金運用」ページは調査時点でR6実績まで。R7実績の掲載を確認できず。
栃木県,2025,maturity_structure,満期構成・ラダー,SEARCHED_NOT_FOUND,SEARCHED_NOT_FOUND,MEDIUM,https://www.pref.tochigi.lg.jp/i02/koukinunyou.html,公式「公金運用」ページは調査時点でR6実績まで。R7実績の掲載を確認できず。
栃木県,2025,investment_policy,運用方針,SEARCHED_NOT_FOUND,SEARCHED_NOT_FOUND,MEDIUM,https://www.pref.tochigi.lg.jp/i02/koukinunyou.html,公式「公金運用」ページは調査時点でR6実績まで。R7実績の掲載を確認できず。
栃木県,2025,risk_policy,リスク管理方針,SEARCHED_NOT_FOUND,SEARCHED_NOT_FOUND,MEDIUM,https://www.pref.tochigi.lg.jp/i02/koukinunyou.html,公式「公金運用」ページは調査時点でR6実績まで。R7実績の掲載を確認できず。
栃木県,2026,fund_balance,基金残高/平均基金残高,NOT_COMPARABLE,PARTIAL_OFFICIAL,HIGH,https://www.pref.tochigi.lg.jp/i02/koukinunyou.html,2025年7月改訂の運用方針は確認、R8数値は未確認。
栃木県,2026,securities_balance,有価証券・債券残高,NOT_COMPARABLE,PARTIAL_OFFICIAL,HIGH,https://www.pref.tochigi.lg.jp/i02/koukinunyou.html,2025年7月改訂の運用方針は確認、R8数値は未確認。
栃木県,2026,government_bond_balance,国債残高,NOT_COMPARABLE,PARTIAL_OFFICIAL,HIGH,https://www.pref.tochigi.lg.jp/i02/koukinunyou.html,2025年7月改訂の運用方針は確認、R8数値は未確認。
栃木県,2026,bond_breakdown,債券内訳,NOT_COMPARABLE,PARTIAL_OFFICIAL,MEDIUM,https://www.pref.tochigi.lg.jp/i02/koukinunyou.html,2025年7月改訂の運用方針は確認、R8数値は未確認。
栃木県,2026,yield,運用利回り,NOT_COMPARABLE,PARTIAL_OFFICIAL,HIGH,https://www.pref.tochigi.lg.jp/i02/koukinunyou.html,2025年7月改訂の運用方針は確認、R8数値は未確認。
栃木県,2026,income,運用収入,NOT_COMPARABLE,PARTIAL_OFFICIAL,HIGH,https://www.pref.tochigi.lg.jp/i02/koukinunyou.html,2025年7月改訂の運用方針は確認、R8数値は未確認。
栃木県,2026,maturity,年限・平均残存年数,NOT_COMPARABLE,PARTIAL_OFFICIAL,HIGH,https://www.pref.tochigi.lg.jp/i02/koukinunyou.html,2025年7月改訂の運用方針は確認、R8数値は未確認。
栃木県,2026,maturity_structure,満期構成・ラダー,NOT_COMPARABLE,PARTIAL_OFFICIAL,MEDIUM,https://www.pref.tochigi.lg.jp/i02/koukinunyou.html,2025年7月改訂の運用方針は確認、R8数値は未確認。
栃木県,2026,investment_policy,運用方針,AVAILABLE,PARTIAL_OFFICIAL,MEDIUM,https://www.pref.tochigi.lg.jp/i02/koukinunyou.html,2025年7月改訂の運用方針は確認、R8数値は未確認。
栃木県,2026,risk_policy,リスク管理方針,AVAILABLE,PARTIAL_OFFICIAL,MEDIUM,https://www.pref.tochigi.lg.jp/i02/koukinunyou.html,2025年7月改訂の運用方針は確認、R8数値は未確認。
群馬県,2025,fund_balance,基金残高/平均基金残高,SEARCHED_NOT_FOUND,SEARCHED_NOT_FOUND,HIGH,https://www.pref.gunma.jp/page/17939.html,"調査時点の掲載はR6実績（基金：預金146,861百万円、債券106,893百万円等）まで。R7実績は未掲載。"
群馬県,2025,securities_balance,有価証券・債券残高,SEARCHED_NOT_FOUND,SEARCHED_NOT_FOUND,HIGH,https://www.pref.gunma.jp/page/17939.html,"調査時点の掲載はR6実績（基金：預金146,861百万円、債券106,893百万円等）まで。R7実績は未掲載。"
群馬県,2025,government_bond_balance,国債残高,SEARCHED_NOT_FOUND,SEARCHED_NOT_FOUND,HIGH,https://www.pref.gunma.jp/page/17939.html,"調査時点の掲載はR6実績（基金：預金146,861百万円、債券106,893百万円等）まで。R7実績は未掲載。"
群馬県,2025,bond_breakdown,債券内訳,SEARCHED_NOT_FOUND,SEARCHED_NOT_FOUND,MEDIUM,https://www.pref.gunma.jp/page/17939.html,"調査時点の掲載はR6実績（基金：預金146,861百万円、債券106,893百万円等）まで。R7実績は未掲載。"
群馬県,2025,yield,運用利回り,SEARCHED_NOT_FOUND,SEARCHED_NOT_FOUND,HIGH,https://www.pref.gunma.jp/page/17939.html,"調査時点の掲載はR6実績（基金：預金146,861百万円、債券106,893百万円等）まで。R7実績は未掲載。"
群馬県,2025,income,運用収入,SEARCHED_NOT_FOUND,SEARCHED_NOT_FOUND,HIGH,https://www.pref.gunma.jp/page/17939.html,"調査時点の掲載はR6実績（基金：預金146,861百万円、債券106,893百万円等）まで。R7実績は未掲載。"
群馬県,2025,maturity,年限・平均残存年数,SEARCHED_NOT_FOUND,SEARCHED_NOT_FOUND,HIGH,https://www.pref.gunma.jp/page/17939.html,"調査時点の掲載はR6実績（基金：預金146,861百万円、債券106,893百万円等）まで。R7実績は未掲載。"
群馬県,2025,maturity_structure,満期構成・ラダー,SEARCHED_NOT_FOUND,SEARCHED_NOT_FOUND,MEDIUM,https://www.pref.gunma.jp/page/17939.html,"調査時点の掲載はR6実績（基金：預金146,861百万円、債券106,893百万円等）まで。R7実績は未掲載。"
群馬県,2025,investment_policy,運用方針,SEARCHED_NOT_FOUND,SEARCHED_NOT_FOUND,MEDIUM,https://www.pref.gunma.jp/page/17939.html,"調査時点の掲載はR6実績（基金：預金146,861百万円、債券106,893百万円等）まで。R7実績は未掲載。"
群馬県,2025,risk_policy,リスク管理方針,SEARCHED_NOT_FOUND,SEARCHED_NOT_FOUND,MEDIUM,https://www.pref.gunma.jp/page/17939.html,"調査時点の掲載はR6実績（基金：預金146,861百万円、債券106,893百万円等）まで。R7実績は未掲載。"
群馬県,2026,fund_balance,基金残高/平均基金残高,PARTIAL,PARTIAL_OFFICIAL,HIGH,https://www.pref.gunma.jp/page/17941.html,現行商品範囲・運用プロセスは詳細に公表。R8数値は未確認。
群馬県,2026,securities_balance,有価証券・債券残高,PARTIAL,PARTIAL_OFFICIAL,HIGH,https://www.pref.gunma.jp/page/17941.html,現行商品範囲・運用プロセスは詳細に公表。R8数値は未確認。
群馬県,2026,government_bond_balance,国債残高,NOT_COMPARABLE,PARTIAL_OFFICIAL,HIGH,https://www.pref.gunma.jp/page/17941.html,現行商品範囲・運用プロセスは詳細に公表。R8数値は未確認。
群馬県,2026,bond_breakdown,債券内訳,PARTIAL,PARTIAL_OFFICIAL,MEDIUM,https://www.pref.gunma.jp/page/17941.html,現行商品範囲・運用プロセスは詳細に公表。R8数値は未確認。
群馬県,2026,yield,運用利回り,NOT_COMPARABLE,PARTIAL_OFFICIAL,HIGH,https://www.pref.gunma.jp/page/17941.html,現行商品範囲・運用プロセスは詳細に公表。R8数値は未確認。
群馬県,2026,income,運用収入,NOT_COMPARABLE,PARTIAL_OFFICIAL,HIGH,https://www.pref.gunma.jp/page/17941.html,現行商品範囲・運用プロセスは詳細に公表。R8数値は未確認。
群馬県,2026,maturity,年限・平均残存年数,NOT_COMPARABLE,PARTIAL_OFFICIAL,HIGH,https://www.pref.gunma.jp/page/17941.html,現行商品範囲・運用プロセスは詳細に公表。R8数値は未確認。
群馬県,2026,maturity_structure,満期構成・ラダー,NOT_COMPARABLE,PARTIAL_OFFICIAL,MEDIUM,https://www.pref.gunma.jp/page/17941.html,現行商品範囲・運用プロセスは詳細に公表。R8数値は未確認。
群馬県,2026,investment_policy,運用方針,AVAILABLE,PARTIAL_OFFICIAL,MEDIUM,https://www.pref.gunma.jp/page/17941.html,現行商品範囲・運用プロセスは詳細に公表。R8数値は未確認。
群馬県,2026,risk_policy,リスク管理方針,AVAILABLE,PARTIAL_OFFICIAL,MEDIUM,https://www.pref.gunma.jp/page/17941.html,現行商品範囲・運用プロセスは詳細に公表。R8数値は未確認。
埼玉県,2025,fund_balance,基金残高/平均基金残高,AVAILABLE,NUMERIC_OFFICIAL,HIGH,https://www.pref.saitama.lg.jp/documents/9675/unyoujyokyo7-4.pdf,基金平均残高、預金・債券構成、運用収入、利回りを直接比較可能。年限内訳は当該表では未確認。
埼玉県,2025,securities_balance,有価証券・債券残高,AVAILABLE,NUMERIC_OFFICIAL,HIGH,https://www.pref.saitama.lg.jp/documents/9675/unyoujyokyo7-4.pdf,基金平均残高、預金・債券構成、運用収入、利回りを直接比較可能。年限内訳は当該表では未確認。
埼玉県,2025,government_bond_balance,国債残高,NOT_COMPARABLE,NUMERIC_OFFICIAL,HIGH,https://www.pref.saitama.lg.jp/documents/9675/unyoujyokyo7-4.pdf,基金平均残高、預金・債券構成、運用収入、利回りを直接比較可能。年限内訳は当該表では未確認。
埼玉県,2025,bond_breakdown,債券内訳,NOT_COMPARABLE,NUMERIC_OFFICIAL,MEDIUM,https://www.pref.saitama.lg.jp/documents/9675/unyoujyokyo7-4.pdf,基金平均残高、預金・債券構成、運用収入、利回りを直接比較可能。年限内訳は当該表では未確認。
埼玉県,2025,yield,運用利回り,AVAILABLE,NUMERIC_OFFICIAL,HIGH,https://www.pref.saitama.lg.jp/documents/9675/unyoujyokyo7-4.pdf,基金平均残高、預金・債券構成、運用収入、利回りを直接比較可能。年限内訳は当該表では未確認。
埼玉県,2025,income,運用収入,AVAILABLE,NUMERIC_OFFICIAL,HIGH,https://www.pref.saitama.lg.jp/documents/9675/unyoujyokyo7-4.pdf,基金平均残高、預金・債券構成、運用収入、利回りを直接比較可能。年限内訳は当該表では未確認。
埼玉県,2025,maturity,年限・平均残存年数,PARTIAL,NUMERIC_OFFICIAL,HIGH,https://www.pref.saitama.lg.jp/documents/9675/unyoujyokyo7-4.pdf,基金平均残高、預金・債券構成、運用収入、利回りを直接比較可能。年限内訳は当該表では未確認。
埼玉県,2025,maturity_structure,満期構成・ラダー,NOT_COMPARABLE,NUMERIC_OFFICIAL,MEDIUM,https://www.pref.saitama.lg.jp/documents/9675/unyoujyokyo7-4.pdf,基金平均残高、預金・債券構成、運用収入、利回りを直接比較可能。年限内訳は当該表では未確認。
埼玉県,2025,investment_policy,運用方針,AVAILABLE,NUMERIC_OFFICIAL,MEDIUM,https://www.pref.saitama.lg.jp/documents/9675/unyoujyokyo7-4.pdf,基金平均残高、預金・債券構成、運用収入、利回りを直接比較可能。年限内訳は当該表では未確認。
埼玉県,2025,risk_policy,リスク管理方針,NOT_COMPARABLE,NUMERIC_OFFICIAL,MEDIUM,https://www.pref.saitama.lg.jp/documents/9675/unyoujyokyo7-4.pdf,基金平均残高、預金・債券構成、運用収入、利回りを直接比較可能。年限内訳は当該表では未確認。
埼玉県,2026,fund_balance,基金残高/平均基金残高,PARTIAL,PARTIAL_OFFICIAL,HIGH,https://www.pref.saitama.lg.jp/a1201/koukinkanri.html,R7詳細実績あり。R8年度途中の基金全体数値は本調査では未確認。
埼玉県,2026,securities_balance,有価証券・債券残高,NOT_COMPARABLE,PARTIAL_OFFICIAL,HIGH,https://www.pref.saitama.lg.jp/a1201/koukinkanri.html,R7詳細実績あり。R8年度途中の基金全体数値は本調査では未確認。
埼玉県,2026,government_bond_balance,国債残高,NOT_COMPARABLE,PARTIAL_OFFICIAL,HIGH,https://www.pref.saitama.lg.jp/a1201/koukinkanri.html,R7詳細実績あり。R8年度途中の基金全体数値は本調査では未確認。
埼玉県,2026,bond_breakdown,債券内訳,NOT_COMPARABLE,PARTIAL_OFFICIAL,MEDIUM,https://www.pref.saitama.lg.jp/a1201/koukinkanri.html,R7詳細実績あり。R8年度途中の基金全体数値は本調査では未確認。
埼玉県,2026,yield,運用利回り,NOT_COMPARABLE,PARTIAL_OFFICIAL,HIGH,https://www.pref.saitama.lg.jp/a1201/koukinkanri.html,R7詳細実績あり。R8年度途中の基金全体数値は本調査では未確認。
埼玉県,2026,income,運用収入,NOT_COMPARABLE,PARTIAL_OFFICIAL,HIGH,https://www.pref.saitama.lg.jp/a1201/koukinkanri.html,R7詳細実績あり。R8年度途中の基金全体数値は本調査では未確認。
埼玉県,2026,maturity,年限・平均残存年数,NOT_COMPARABLE,PARTIAL_OFFICIAL,HIGH,https://www.pref.saitama.lg.jp/a1201/koukinkanri.html,R7詳細実績あり。R8年度途中の基金全体数値は本調査では未確認。
埼玉県,2026,maturity_structure,満期構成・ラダー,NOT_COMPARABLE,PARTIAL_OFFICIAL,MEDIUM,https://www.pref.saitama.lg.jp/a1201/koukinkanri.html,R7詳細実績あり。R8年度途中の基金全体数値は本調査では未確認。
埼玉県,2026,investment_policy,運用方針,AVAILABLE,PARTIAL_OFFICIAL,MEDIUM,https://www.pref.saitama.lg.jp/a1201/koukinkanri.html,R7詳細実績あり。R8年度途中の基金全体数値は本調査では未確認。
埼玉県,2026,risk_policy,リスク管理方針,AVAILABLE,PARTIAL_OFFICIAL,MEDIUM,https://www.pref.saitama.lg.jp/a1201/koukinkanri.html,R7詳細実績あり。R8年度途中の基金全体数値は本調査では未確認。
千葉県,2025,fund_balance,基金残高/平均基金残高,AVAILABLE,NUMERIC_OFFICIAL,HIGH,https://www.pref.chiba.lg.jp/suitou/unyou/joukyou202603.html,基金平均残高、預金・債券構成、運用収入、利回りを比較可能。債券は国債・地方債等と記載。
千葉県,2025,securities_balance,有価証券・債券残高,AVAILABLE,NUMERIC_OFFICIAL,HIGH,https://www.pref.chiba.lg.jp/suitou/unyou/joukyou202603.html,基金平均残高、預金・債券構成、運用収入、利回りを比較可能。債券は国債・地方債等と記載。
千葉県,2025,government_bond_balance,国債残高,PARTIAL,NUMERIC_OFFICIAL,HIGH,https://www.pref.chiba.lg.jp/suitou/unyou/joukyou202603.html,基金平均残高、預金・債券構成、運用収入、利回りを比較可能。債券は国債・地方債等と記載。
千葉県,2025,bond_breakdown,債券内訳,PARTIAL,NUMERIC_OFFICIAL,MEDIUM,https://www.pref.chiba.lg.jp/suitou/unyou/joukyou202603.html,基金平均残高、預金・債券構成、運用収入、利回りを比較可能。債券は国債・地方債等と記載。
千葉県,2025,yield,運用利回り,AVAILABLE,NUMERIC_OFFICIAL,HIGH,https://www.pref.chiba.lg.jp/suitou/unyou/joukyou202603.html,基金平均残高、預金・債券構成、運用収入、利回りを比較可能。債券は国債・地方債等と記載。
千葉県,2025,income,運用収入,AVAILABLE,NUMERIC_OFFICIAL,HIGH,https://www.pref.chiba.lg.jp/suitou/unyou/joukyou202603.html,基金平均残高、預金・債券構成、運用収入、利回りを比較可能。債券は国債・地方債等と記載。
千葉県,2025,maturity,年限・平均残存年数,NOT_COMPARABLE,NUMERIC_OFFICIAL,HIGH,https://www.pref.chiba.lg.jp/suitou/unyou/joukyou202603.html,基金平均残高、預金・債券構成、運用収入、利回りを比較可能。債券は国債・地方債等と記載。
千葉県,2025,maturity_structure,満期構成・ラダー,NOT_COMPARABLE,NUMERIC_OFFICIAL,MEDIUM,https://www.pref.chiba.lg.jp/suitou/unyou/joukyou202603.html,基金平均残高、預金・債券構成、運用収入、利回りを比較可能。債券は国債・地方債等と記載。
千葉県,2025,investment_policy,運用方針,NOT_COMPARABLE,NUMERIC_OFFICIAL,MEDIUM,https://www.pref.chiba.lg.jp/suitou/unyou/joukyou202603.html,基金平均残高、預金・債券構成、運用収入、利回りを比較可能。債券は国債・地方債等と記載。
千葉県,2025,risk_policy,リスク管理方針,AVAILABLE,NUMERIC_OFFICIAL,MEDIUM,https://www.pref.chiba.lg.jp/suitou/unyou/joukyou202603.html,基金平均残高、預金・債券構成、運用収入、利回りを比較可能。債券は国債・地方債等と記載。
千葉県,2026,fund_balance,基金残高/平均基金残高,PARTIAL,PARTIAL_OFFICIAL,HIGH,https://www.pref.chiba.lg.jp/suitou/koukinkanri.html,対象商品・運用方針は公表。R8年度途中の基金全体数値は未確認。
千葉県,2026,securities_balance,有価証券・債券残高,NOT_COMPARABLE,PARTIAL_OFFICIAL,HIGH,https://www.pref.chiba.lg.jp/suitou/koukinkanri.html,対象商品・運用方針は公表。R8年度途中の基金全体数値は未確認。
千葉県,2026,government_bond_balance,国債残高,NOT_COMPARABLE,PARTIAL_OFFICIAL,HIGH,https://www.pref.chiba.lg.jp/suitou/koukinkanri.html,対象商品・運用方針は公表。R8年度途中の基金全体数値は未確認。
千葉県,2026,bond_breakdown,債券内訳,NOT_COMPARABLE,PARTIAL_OFFICIAL,MEDIUM,https://www.pref.chiba.lg.jp/suitou/koukinkanri.html,対象商品・運用方針は公表。R8年度途中の基金全体数値は未確認。
千葉県,2026,yield,運用利回り,NOT_COMPARABLE,PARTIAL_OFFICIAL,HIGH,https://www.pref.chiba.lg.jp/suitou/koukinkanri.html,対象商品・運用方針は公表。R8年度途中の基金全体数値は未確認。
千葉県,2026,income,運用収入,NOT_COMPARABLE,PARTIAL_OFFICIAL,HIGH,https://www.pref.chiba.lg.jp/suitou/koukinkanri.html,対象商品・運用方針は公表。R8年度途中の基金全体数値は未確認。
千葉県,2026,maturity,年限・平均残存年数,NOT_COMPARABLE,PARTIAL_OFFICIAL,HIGH,https://www.pref.chiba.lg.jp/suitou/koukinkanri.html,対象商品・運用方針は公表。R8年度途中の基金全体数値は未確認。
千葉県,2026,maturity_structure,満期構成・ラダー,NOT_COMPARABLE,PARTIAL_OFFICIAL,MEDIUM,https://www.pref.chiba.lg.jp/suitou/koukinkanri.html,対象商品・運用方針は公表。R8年度途中の基金全体数値は未確認。
千葉県,2026,investment_policy,運用方針,AVAILABLE,PARTIAL_OFFICIAL,MEDIUM,https://www.pref.chiba.lg.jp/suitou/koukinkanri.html,対象商品・運用方針は公表。R8年度途中の基金全体数値は未確認。
千葉県,2026,risk_policy,リスク管理方針,AVAILABLE,PARTIAL_OFFICIAL,MEDIUM,https://www.pref.chiba.lg.jp/suitou/koukinkanri.html,対象商品・運用方針は公表。R8年度途中の基金全体数値は未確認。
東京都,2025,fund_balance,基金残高/平均基金残高,AVAILABLE,NUMERIC_OFFICIAL,HIGH,https://www.metro.tokyo.lg.jp/information/press/2026/05/2026052909,基金平均残高、運用収入、利回りを比較可能。最終実績ページでは本調査用の国債単独残高を確認できず。
東京都,2025,securities_balance,有価証券・債券残高,NOT_COMPARABLE,NUMERIC_OFFICIAL,HIGH,https://www.metro.tokyo.lg.jp/information/press/2026/05/2026052909,基金平均残高、運用収入、利回りを比較可能。最終実績ページでは本調査用の国債単独残高を確認できず。
東京都,2025,government_bond_balance,国債残高,PARTIAL,NUMERIC_OFFICIAL,HIGH,https://www.metro.tokyo.lg.jp/information/press/2026/05/2026052909,基金平均残高、運用収入、利回りを比較可能。最終実績ページでは本調査用の国債単独残高を確認できず。
東京都,2025,bond_breakdown,債券内訳,PARTIAL,NUMERIC_OFFICIAL,MEDIUM,https://www.metro.tokyo.lg.jp/information/press/2026/05/2026052909,基金平均残高、運用収入、利回りを比較可能。最終実績ページでは本調査用の国債単独残高を確認できず。
東京都,2025,yield,運用利回り,AVAILABLE,NUMERIC_OFFICIAL,HIGH,https://www.metro.tokyo.lg.jp/information/press/2026/05/2026052909,基金平均残高、運用収入、利回りを比較可能。最終実績ページでは本調査用の国債単独残高を確認できず。
東京都,2025,income,運用収入,AVAILABLE,NUMERIC_OFFICIAL,HIGH,https://www.metro.tokyo.lg.jp/information/press/2026/05/2026052909,基金平均残高、運用収入、利回りを比較可能。最終実績ページでは本調査用の国債単独残高を確認できず。
東京都,2025,maturity,年限・平均残存年数,NOT_COMPARABLE,NUMERIC_OFFICIAL,HIGH,https://www.metro.tokyo.lg.jp/information/press/2026/05/2026052909,基金平均残高、運用収入、利回りを比較可能。最終実績ページでは本調査用の国債単独残高を確認できず。
東京都,2025,maturity_structure,満期構成・ラダー,NOT_COMPARABLE,NUMERIC_OFFICIAL,MEDIUM,https://www.metro.tokyo.lg.jp/information/press/2026/05/2026052909,基金平均残高、運用収入、利回りを比較可能。最終実績ページでは本調査用の国債単独残高を確認できず。
東京都,2025,investment_policy,運用方針,AVAILABLE,NUMERIC_OFFICIAL,MEDIUM,https://www.metro.tokyo.lg.jp/information/press/2026/05/2026052909,基金平均残高、運用収入、利回りを比較可能。最終実績ページでは本調査用の国債単独残高を確認できず。
東京都,2025,risk_policy,リスク管理方針,NOT_COMPARABLE,NUMERIC_OFFICIAL,MEDIUM,https://www.metro.tokyo.lg.jp/information/press/2026/05/2026052909,基金平均残高、運用収入、利回りを比較可能。最終実績ページでは本調査用の国債単独残高を確認できず。
東京都,2026,fund_balance,基金残高/平均基金残高,AVAILABLE,NUMERIC_OFFICIAL_PLAN,HIGH,https://www.metro.tokyo.lg.jp/information/press/2026/03/2026033034,計画値だが、基金平均残高、預金・債券構成、年限区分まで公表。実績とは分離して扱う。
東京都,2026,securities_balance,有価証券・債券残高,AVAILABLE,NUMERIC_OFFICIAL_PLAN,HIGH,https://www.metro.tokyo.lg.jp/information/press/2026/03/2026033034,計画値だが、基金平均残高、預金・債券構成、年限区分まで公表。実績とは分離して扱う。
東京都,2026,government_bond_balance,国債残高,AVAILABLE,NUMERIC_OFFICIAL_PLAN,HIGH,https://www.metro.tokyo.lg.jp/information/press/2026/03/2026033034,計画値だが、基金平均残高、預金・債券構成、年限区分まで公表。実績とは分離して扱う。
東京都,2026,bond_breakdown,債券内訳,AVAILABLE,NUMERIC_OFFICIAL_PLAN,MEDIUM,https://www.metro.tokyo.lg.jp/information/press/2026/03/2026033034,計画値だが、基金平均残高、預金・債券構成、年限区分まで公表。実績とは分離して扱う。
東京都,2026,yield,運用利回り,NOT_COMPARABLE,NUMERIC_OFFICIAL_PLAN,HIGH,https://www.metro.tokyo.lg.jp/information/press/2026/03/2026033034,計画値だが、基金平均残高、預金・債券構成、年限区分まで公表。実績とは分離して扱う。
東京都,2026,income,運用収入,NOT_COMPARABLE,NUMERIC_OFFICIAL_PLAN,HIGH,https://www.metro.tokyo.lg.jp/information/press/2026/03/2026033034,計画値だが、基金平均残高、預金・債券構成、年限区分まで公表。実績とは分離して扱う。
東京都,2026,maturity,年限・平均残存年数,PARTIAL,NUMERIC_OFFICIAL_PLAN,HIGH,https://www.metro.tokyo.lg.jp/information/press/2026/03/2026033034,計画値だが、基金平均残高、預金・債券構成、年限区分まで公表。実績とは分離して扱う。
東京都,2026,maturity_structure,満期構成・ラダー,PARTIAL,NUMERIC_OFFICIAL_PLAN,MEDIUM,https://www.metro.tokyo.lg.jp/information/press/2026/03/2026033034,計画値だが、基金平均残高、預金・債券構成、年限区分まで公表。実績とは分離して扱う。
東京都,2026,investment_policy,運用方針,AVAILABLE,NUMERIC_OFFICIAL_PLAN,MEDIUM,https://www.metro.tokyo.lg.jp/information/press/2026/03/2026033034,計画値だが、基金平均残高、預金・債券構成、年限区分まで公表。実績とは分離して扱う。
東京都,2026,risk_policy,リスク管理方針,AVAILABLE,NUMERIC_OFFICIAL_PLAN,MEDIUM,https://www.metro.tokyo.lg.jp/information/press/2026/03/2026033034,計画値だが、基金平均残高、預金・債券構成、年限区分まで公表。実績とは分離して扱う。
神奈川県,2025,fund_balance,基金残高/平均基金残高,SEARCHED_NOT_FOUND,SEARCHED_NOT_FOUND,HIGH,https://www.pref.kanagawa.jp/docs/f8r/cnt/f618/r01-koukin.html,調査時点で確認できた詳細実績はR6まで。R7年間実績は検索で確認できず。
神奈川県,2025,securities_balance,有価証券・債券残高,SEARCHED_NOT_FOUND,SEARCHED_NOT_FOUND,HIGH,https://www.pref.kanagawa.jp/docs/f8r/cnt/f618/r01-koukin.html,調査時点で確認できた詳細実績はR6まで。R7年間実績は検索で確認できず。
神奈川県,2025,government_bond_balance,国債残高,SEARCHED_NOT_FOUND,SEARCHED_NOT_FOUND,HIGH,https://www.pref.kanagawa.jp/docs/f8r/cnt/f618/r01-koukin.html,調査時点で確認できた詳細実績はR6まで。R7年間実績は検索で確認できず。
神奈川県,2025,bond_breakdown,債券内訳,SEARCHED_NOT_FOUND,SEARCHED_NOT_FOUND,MEDIUM,https://www.pref.kanagawa.jp/docs/f8r/cnt/f618/r01-koukin.html,調査時点で確認できた詳細実績はR6まで。R7年間実績は検索で確認できず。
神奈川県,2025,yield,運用利回り,SEARCHED_NOT_FOUND,SEARCHED_NOT_FOUND,HIGH,https://www.pref.kanagawa.jp/docs/f8r/cnt/f618/r01-koukin.html,調査時点で確認できた詳細実績はR6まで。R7年間実績は検索で確認できず。
神奈川県,2025,income,運用収入,SEARCHED_NOT_FOUND,SEARCHED_NOT_FOUND,HIGH,https://www.pref.kanagawa.jp/docs/f8r/cnt/f618/r01-koukin.html,調査時点で確認できた詳細実績はR6まで。R7年間実績は検索で確認できず。
神奈川県,2025,maturity,年限・平均残存年数,SEARCHED_NOT_FOUND,SEARCHED_NOT_FOUND,HIGH,https://www.pref.kanagawa.jp/docs/f8r/cnt/f618/r01-koukin.html,調査時点で確認できた詳細実績はR6まで。R7年間実績は検索で確認できず。
神奈川県,2025,maturity_structure,満期構成・ラダー,SEARCHED_NOT_FOUND,SEARCHED_NOT_FOUND,MEDIUM,https://www.pref.kanagawa.jp/docs/f8r/cnt/f618/r01-koukin.html,調査時点で確認できた詳細実績はR6まで。R7年間実績は検索で確認できず。
神奈川県,2025,investment_policy,運用方針,SEARCHED_NOT_FOUND,SEARCHED_NOT_FOUND,MEDIUM,https://www.pref.kanagawa.jp/docs/f8r/cnt/f618/r01-koukin.html,調査時点で確認できた詳細実績はR6まで。R7年間実績は検索で確認できず。
神奈川県,2025,risk_policy,リスク管理方針,SEARCHED_NOT_FOUND,SEARCHED_NOT_FOUND,MEDIUM,https://www.pref.kanagawa.jp/docs/f8r/cnt/f618/r01-koukin.html,調査時点で確認できた詳細実績はR6まで。R7年間実績は検索で確認できず。
神奈川県,2026,fund_balance,基金残高/平均基金残高,NOT_COMPARABLE,PARTIAL_OFFICIAL,HIGH,https://www.pref.kanagawa.jp/docs/f8r/cnt/f618/r01-koukin.html,長期資金を国債・政府保証債・地方債等で運用し満期分散する方針は確認。R8数値は未確認。
神奈川県,2026,securities_balance,有価証券・債券残高,NOT_COMPARABLE,PARTIAL_OFFICIAL,HIGH,https://www.pref.kanagawa.jp/docs/f8r/cnt/f618/r01-koukin.html,長期資金を国債・政府保証債・地方債等で運用し満期分散する方針は確認。R8数値は未確認。
神奈川県,2026,government_bond_balance,国債残高,PARTIAL,PARTIAL_OFFICIAL,HIGH,https://www.pref.kanagawa.jp/docs/f8r/cnt/f618/r01-koukin.html,長期資金を国債・政府保証債・地方債等で運用し満期分散する方針は確認。R8数値は未確認。
神奈川県,2026,bond_breakdown,債券内訳,PARTIAL,PARTIAL_OFFICIAL,MEDIUM,https://www.pref.kanagawa.jp/docs/f8r/cnt/f618/r01-koukin.html,長期資金を国債・政府保証債・地方債等で運用し満期分散する方針は確認。R8数値は未確認。
神奈川県,2026,yield,運用利回り,NOT_COMPARABLE,PARTIAL_OFFICIAL,HIGH,https://www.pref.kanagawa.jp/docs/f8r/cnt/f618/r01-koukin.html,長期資金を国債・政府保証債・地方債等で運用し満期分散する方針は確認。R8数値は未確認。
神奈川県,2026,income,運用収入,NOT_COMPARABLE,PARTIAL_OFFICIAL,HIGH,https://www.pref.kanagawa.jp/docs/f8r/cnt/f618/r01-koukin.html,長期資金を国債・政府保証債・地方債等で運用し満期分散する方針は確認。R8数値は未確認。
神奈川県,2026,maturity,年限・平均残存年数,PARTIAL,PARTIAL_OFFICIAL,HIGH,https://www.pref.kanagawa.jp/docs/f8r/cnt/f618/r01-koukin.html,長期資金を国債・政府保証債・地方債等で運用し満期分散する方針は確認。R8数値は未確認。
神奈川県,2026,maturity_structure,満期構成・ラダー,PARTIAL,PARTIAL_OFFICIAL,MEDIUM,https://www.pref.kanagawa.jp/docs/f8r/cnt/f618/r01-koukin.html,長期資金を国債・政府保証債・地方債等で運用し満期分散する方針は確認。R8数値は未確認。
神奈川県,2026,investment_policy,運用方針,AVAILABLE,PARTIAL_OFFICIAL,MEDIUM,https://www.pref.kanagawa.jp/docs/f8r/cnt/f618/r01-koukin.html,長期資金を国債・政府保証債・地方債等で運用し満期分散する方針は確認。R8数値は未確認。
神奈川県,2026,risk_policy,リスク管理方針,AVAILABLE,PARTIAL_OFFICIAL,MEDIUM,https://www.pref.kanagawa.jp/docs/f8r/cnt/f618/r01-koukin.html,長期資金を国債・政府保証債・地方債等で運用し満期分散する方針は確認。R8数値は未確認。
新潟県,2025,fund_balance,基金残高/平均基金残高,PARTIAL,NUMERIC_OFFICIAL,HIGH,https://www.pref.niigata.lg.jp/site/suitou/reiwa7nendokoukinunyoujyoukyou.html,基金運用収入は確認できるが、本調査で基金全体平均残高・債券残高・利回りの統一表は抽出できず。
新潟県,2025,securities_balance,有価証券・債券残高,PARTIAL,NUMERIC_OFFICIAL,HIGH,https://www.pref.niigata.lg.jp/site/suitou/reiwa7nendokoukinunyoujyoukyou.html,基金運用収入は確認できるが、本調査で基金全体平均残高・債券残高・利回りの統一表は抽出できず。
新潟県,2025,government_bond_balance,国債残高,PARTIAL,NUMERIC_OFFICIAL,HIGH,https://www.pref.niigata.lg.jp/site/suitou/reiwa7nendokoukinunyoujyoukyou.html,基金運用収入は確認できるが、本調査で基金全体平均残高・債券残高・利回りの統一表は抽出できず。
新潟県,2025,bond_breakdown,債券内訳,PARTIAL,NUMERIC_OFFICIAL,MEDIUM,https://www.pref.niigata.lg.jp/site/suitou/reiwa7nendokoukinunyoujyoukyou.html,基金運用収入は確認できるが、本調査で基金全体平均残高・債券残高・利回りの統一表は抽出できず。
新潟県,2025,yield,運用利回り,PARTIAL,NUMERIC_OFFICIAL,HIGH,https://www.pref.niigata.lg.jp/site/suitou/reiwa7nendokoukinunyoujyoukyou.html,基金運用収入は確認できるが、本調査で基金全体平均残高・債券残高・利回りの統一表は抽出できず。
新潟県,2025,income,運用収入,AVAILABLE,NUMERIC_OFFICIAL,HIGH,https://www.pref.niigata.lg.jp/site/suitou/reiwa7nendokoukinunyoujyoukyou.html,基金運用収入は確認できるが、本調査で基金全体平均残高・債券残高・利回りの統一表は抽出できず。
新潟県,2025,maturity,年限・平均残存年数,NOT_COMPARABLE,NUMERIC_OFFICIAL,HIGH,https://www.pref.niigata.lg.jp/site/suitou/reiwa7nendokoukinunyoujyoukyou.html,基金運用収入は確認できるが、本調査で基金全体平均残高・債券残高・利回りの統一表は抽出できず。
新潟県,2025,maturity_structure,満期構成・ラダー,NOT_COMPARABLE,NUMERIC_OFFICIAL,MEDIUM,https://www.pref.niigata.lg.jp/site/suitou/reiwa7nendokoukinunyoujyoukyou.html,基金運用収入は確認できるが、本調査で基金全体平均残高・債券残高・利回りの統一表は抽出できず。
新潟県,2025,investment_policy,運用方針,AVAILABLE,NUMERIC_OFFICIAL,MEDIUM,https://www.pref.niigata.lg.jp/site/suitou/reiwa7nendokoukinunyoujyoukyou.html,基金運用収入は確認できるが、本調査で基金全体平均残高・債券残高・利回りの統一表は抽出できず。
新潟県,2025,risk_policy,リスク管理方針,NOT_COMPARABLE,NUMERIC_OFFICIAL,MEDIUM,https://www.pref.niigata.lg.jp/site/suitou/reiwa7nendokoukinunyoujyoukyou.html,基金運用収入は確認できるが、本調査で基金全体平均残高・債券残高・利回りの統一表は抽出できず。
新潟県,2026,fund_balance,基金残高/平均基金残高,NOT_COMPARABLE,PARTIAL_OFFICIAL,HIGH,https://www.pref.niigata.lg.jp/site/suitou/reiwa7nendokoukinunyoujyoukyou.html,R7実績は公表済み。R8年度途中の統一数値は未確認。
新潟県,2026,securities_balance,有価証券・債券残高,NOT_COMPARABLE,PARTIAL_OFFICIAL,HIGH,https://www.pref.niigata.lg.jp/site/suitou/reiwa7nendokoukinunyoujyoukyou.html,R7実績は公表済み。R8年度途中の統一数値は未確認。
新潟県,2026,government_bond_balance,国債残高,NOT_COMPARABLE,PARTIAL_OFFICIAL,HIGH,https://www.pref.niigata.lg.jp/site/suitou/reiwa7nendokoukinunyoujyoukyou.html,R7実績は公表済み。R8年度途中の統一数値は未確認。
新潟県,2026,bond_breakdown,債券内訳,NOT_COMPARABLE,PARTIAL_OFFICIAL,MEDIUM,https://www.pref.niigata.lg.jp/site/suitou/reiwa7nendokoukinunyoujyoukyou.html,R7実績は公表済み。R8年度途中の統一数値は未確認。
新潟県,2026,yield,運用利回り,NOT_COMPARABLE,PARTIAL_OFFICIAL,HIGH,https://www.pref.niigata.lg.jp/site/suitou/reiwa7nendokoukinunyoujyoukyou.html,R7実績は公表済み。R8年度途中の統一数値は未確認。
新潟県,2026,income,運用収入,NOT_COMPARABLE,PARTIAL_OFFICIAL,HIGH,https://www.pref.niigata.lg.jp/site/suitou/reiwa7nendokoukinunyoujyoukyou.html,R7実績は公表済み。R8年度途中の統一数値は未確認。
新潟県,2026,maturity,年限・平均残存年数,NOT_COMPARABLE,PARTIAL_OFFICIAL,HIGH,https://www.pref.niigata.lg.jp/site/suitou/reiwa7nendokoukinunyoujyoukyou.html,R7実績は公表済み。R8年度途中の統一数値は未確認。
新潟県,2026,maturity_structure,満期構成・ラダー,NOT_COMPARABLE,PARTIAL_OFFICIAL,MEDIUM,https://www.pref.niigata.lg.jp/site/suitou/reiwa7nendokoukinunyoujyoukyou.html,R7実績は公表済み。R8年度途中の統一数値は未確認。
新潟県,2026,investment_policy,運用方針,AVAILABLE,PARTIAL_OFFICIAL,MEDIUM,https://www.pref.niigata.lg.jp/site/suitou/reiwa7nendokoukinunyoujyoukyou.html,R7実績は公表済み。R8年度途中の統一数値は未確認。
新潟県,2026,risk_policy,リスク管理方針,NOT_COMPARABLE,PARTIAL_OFFICIAL,MEDIUM,https://www.pref.niigata.lg.jp/site/suitou/reiwa7nendokoukinunyoujyoukyou.html,R7実績は公表済み。R8年度途中の統一数値は未確認。
富山県,2025,fund_balance,基金残高/平均基金残高,PARTIAL,PARTIAL_OFFICIAL,HIGH,https://www.pref.toyama.jp/200/r7ikensho.html,R7決算審査意見書は公開済み。債券対象拡大・年限検討は確認したが、基金全体の統一運用表は本調査では未抽出。
富山県,2025,securities_balance,有価証券・債券残高,PARTIAL,PARTIAL_OFFICIAL,HIGH,https://www.pref.toyama.jp/200/r7ikensho.html,R7決算審査意見書は公開済み。債券対象拡大・年限検討は確認したが、基金全体の統一運用表は本調査では未抽出。
富山県,2025,government_bond_balance,国債残高,PARTIAL,PARTIAL_OFFICIAL,HIGH,https://www.pref.toyama.jp/200/r7ikensho.html,R7決算審査意見書は公開済み。債券対象拡大・年限検討は確認したが、基金全体の統一運用表は本調査では未抽出。
富山県,2025,bond_breakdown,債券内訳,PARTIAL,PARTIAL_OFFICIAL,MEDIUM,https://www.pref.toyama.jp/200/r7ikensho.html,R7決算審査意見書は公開済み。債券対象拡大・年限検討は確認したが、基金全体の統一運用表は本調査では未抽出。
富山県,2025,yield,運用利回り,NOT_COMPARABLE,PARTIAL_OFFICIAL,HIGH,https://www.pref.toyama.jp/200/r7ikensho.html,R7決算審査意見書は公開済み。債券対象拡大・年限検討は確認したが、基金全体の統一運用表は本調査では未抽出。
富山県,2025,income,運用収入,NOT_COMPARABLE,PARTIAL_OFFICIAL,HIGH,https://www.pref.toyama.jp/200/r7ikensho.html,R7決算審査意見書は公開済み。債券対象拡大・年限検討は確認したが、基金全体の統一運用表は本調査では未抽出。
富山県,2025,maturity,年限・平均残存年数,PARTIAL,PARTIAL_OFFICIAL,HIGH,https://www.pref.toyama.jp/200/r7ikensho.html,R7決算審査意見書は公開済み。債券対象拡大・年限検討は確認したが、基金全体の統一運用表は本調査では未抽出。
富山県,2025,maturity_structure,満期構成・ラダー,NOT_COMPARABLE,PARTIAL_OFFICIAL,MEDIUM,https://www.pref.toyama.jp/200/r7ikensho.html,R7決算審査意見書は公開済み。債券対象拡大・年限検討は確認したが、基金全体の統一運用表は本調査では未抽出。
富山県,2025,investment_policy,運用方針,AVAILABLE,PARTIAL_OFFICIAL,MEDIUM,https://www.pref.toyama.jp/200/r7ikensho.html,R7決算審査意見書は公開済み。債券対象拡大・年限検討は確認したが、基金全体の統一運用表は本調査では未抽出。
富山県,2025,risk_policy,リスク管理方針,AVAILABLE,PARTIAL_OFFICIAL,MEDIUM,https://www.pref.toyama.jp/200/r7ikensho.html,R7決算審査意見書は公開済み。債券対象拡大・年限検討は確認したが、基金全体の統一運用表は本調査では未抽出。
富山県,2026,fund_balance,基金残高/平均基金残高,PARTIAL,PARTIAL_OFFICIAL,HIGH,https://www.pref.toyama.jp/200/r7ikensho.html,公式サイトをR7/R8、公金運用、基金運用、債券、国債等の語で検索したが、当該年度の比較可能な数値資料を確認できず。
富山県,2026,securities_balance,有価証券・債券残高,PARTIAL,PARTIAL_OFFICIAL,HIGH,https://www.pref.toyama.jp/200/r7ikensho.html,公式サイトをR7/R8、公金運用、基金運用、債券、国債等の語で検索したが、当該年度の比較可能な数値資料を確認できず。
富山県,2026,government_bond_balance,国債残高,PARTIAL,PARTIAL_OFFICIAL,HIGH,https://www.pref.toyama.jp/200/r7ikensho.html,公式サイトをR7/R8、公金運用、基金運用、債券、国債等の語で検索したが、当該年度の比較可能な数値資料を確認できず。
富山県,2026,bond_breakdown,債券内訳,PARTIAL,PARTIAL_OFFICIAL,MEDIUM,https://www.pref.toyama.jp/200/r7ikensho.html,公式サイトをR7/R8、公金運用、基金運用、債券、国債等の語で検索したが、当該年度の比較可能な数値資料を確認できず。
富山県,2026,yield,運用利回り,NOT_COMPARABLE,PARTIAL_OFFICIAL,HIGH,https://www.pref.toyama.jp/200/r7ikensho.html,公式サイトをR7/R8、公金運用、基金運用、債券、国債等の語で検索したが、当該年度の比較可能な数値資料を確認できず。
富山県,2026,income,運用収入,NOT_COMPARABLE,PARTIAL_OFFICIAL,HIGH,https://www.pref.toyama.jp/200/r7ikensho.html,公式サイトをR7/R8、公金運用、基金運用、債券、国債等の語で検索したが、当該年度の比較可能な数値資料を確認できず。
富山県,2026,maturity,年限・平均残存年数,NOT_COMPARABLE,PARTIAL_OFFICIAL,HIGH,https://www.pref.toyama.jp/200/r7ikensho.html,公式サイトをR7/R8、公金運用、基金運用、債券、国債等の語で検索したが、当該年度の比較可能な数値資料を確認できず。
富山県,2026,maturity_structure,満期構成・ラダー,NOT_COMPARABLE,PARTIAL_OFFICIAL,MEDIUM,https://www.pref.toyama.jp/200/r7ikensho.html,公式サイトをR7/R8、公金運用、基金運用、債券、国債等の語で検索したが、当該年度の比較可能な数値資料を確認できず。
富山県,2026,investment_policy,運用方針,AVAILABLE,PARTIAL_OFFICIAL,MEDIUM,https://www.pref.toyama.jp/200/r7ikensho.html,公式サイトをR7/R8、公金運用、基金運用、債券、国債等の語で検索したが、当該年度の比較可能な数値資料を確認できず。
富山県,2026,risk_policy,リスク管理方針,AVAILABLE,PARTIAL_OFFICIAL,MEDIUM,https://www.pref.toyama.jp/200/r7ikensho.html,公式サイトをR7/R8、公金運用、基金運用、債券、国債等の語で検索したが、当該年度の比較可能な数値資料を確認できず。
石川県,2025,fund_balance,基金残高/平均基金残高,AVAILABLE,NUMERIC_OFFICIAL,HIGH,https://www.pref.ishikawa.lg.jp/zaisei/data/koukinunyou/h28kikinunyou.html,基金平均運用額、運用収入、平均利回りを比較可能。商品は譲渡性預金・大口定期・債券だが当該集計で債券残高を分離確認できず。
石川県,2025,securities_balance,有価証券・債券残高,PARTIAL,NUMERIC_OFFICIAL,HIGH,https://www.pref.ishikawa.lg.jp/zaisei/data/koukinunyou/h28kikinunyou.html,基金平均運用額、運用収入、平均利回りを比較可能。商品は譲渡性預金・大口定期・債券だが当該集計で債券残高を分離確認できず。
石川県,2025,government_bond_balance,国債残高,NOT_COMPARABLE,NUMERIC_OFFICIAL,HIGH,https://www.pref.ishikawa.lg.jp/zaisei/data/koukinunyou/h28kikinunyou.html,基金平均運用額、運用収入、平均利回りを比較可能。商品は譲渡性預金・大口定期・債券だが当該集計で債券残高を分離確認できず。
石川県,2025,bond_breakdown,債券内訳,NOT_COMPARABLE,NUMERIC_OFFICIAL,MEDIUM,https://www.pref.ishikawa.lg.jp/zaisei/data/koukinunyou/h28kikinunyou.html,基金平均運用額、運用収入、平均利回りを比較可能。商品は譲渡性預金・大口定期・債券だが当該集計で債券残高を分離確認できず。
石川県,2025,yield,運用利回り,AVAILABLE,NUMERIC_OFFICIAL,HIGH,https://www.pref.ishikawa.lg.jp/zaisei/data/koukinunyou/h28kikinunyou.html,基金平均運用額、運用収入、平均利回りを比較可能。商品は譲渡性預金・大口定期・債券だが当該集計で債券残高を分離確認できず。
石川県,2025,income,運用収入,AVAILABLE,NUMERIC_OFFICIAL,HIGH,https://www.pref.ishikawa.lg.jp/zaisei/data/koukinunyou/h28kikinunyou.html,基金平均運用額、運用収入、平均利回りを比較可能。商品は譲渡性預金・大口定期・債券だが当該集計で債券残高を分離確認できず。
石川県,2025,maturity,年限・平均残存年数,NOT_COMPARABLE,NUMERIC_OFFICIAL,HIGH,https://www.pref.ishikawa.lg.jp/zaisei/data/koukinunyou/h28kikinunyou.html,基金平均運用額、運用収入、平均利回りを比較可能。商品は譲渡性預金・大口定期・債券だが当該集計で債券残高を分離確認できず。
石川県,2025,maturity_structure,満期構成・ラダー,NOT_COMPARABLE,NUMERIC_OFFICIAL,MEDIUM,https://www.pref.ishikawa.lg.jp/zaisei/data/koukinunyou/h28kikinunyou.html,基金平均運用額、運用収入、平均利回りを比較可能。商品は譲渡性預金・大口定期・債券だが当該集計で債券残高を分離確認できず。
石川県,2025,investment_policy,運用方針,NOT_COMPARABLE,NUMERIC_OFFICIAL,MEDIUM,https://www.pref.ishikawa.lg.jp/zaisei/data/koukinunyou/h28kikinunyou.html,基金平均運用額、運用収入、平均利回りを比較可能。商品は譲渡性預金・大口定期・債券だが当該集計で債券残高を分離確認できず。
石川県,2025,risk_policy,リスク管理方針,NOT_COMPARABLE,NUMERIC_OFFICIAL,MEDIUM,https://www.pref.ishikawa.lg.jp/zaisei/data/koukinunyou/h28kikinunyou.html,基金平均運用額、運用収入、平均利回りを比較可能。商品は譲渡性預金・大口定期・債券だが当該集計で債券残高を分離確認できず。
石川県,2026,fund_balance,基金残高/平均基金残高,NOT_COMPARABLE,PARTIAL_OFFICIAL,HIGH,https://www.pref.ishikawa.lg.jp/zaisei/data/koukinunyou/h28kikinunyou.html,R7年間実績は公表。R8年度途中数値は未確認。
石川県,2026,securities_balance,有価証券・債券残高,NOT_COMPARABLE,PARTIAL_OFFICIAL,HIGH,https://www.pref.ishikawa.lg.jp/zaisei/data/koukinunyou/h28kikinunyou.html,R7年間実績は公表。R8年度途中数値は未確認。
石川県,2026,government_bond_balance,国債残高,NOT_COMPARABLE,PARTIAL_OFFICIAL,HIGH,https://www.pref.ishikawa.lg.jp/zaisei/data/koukinunyou/h28kikinunyou.html,R7年間実績は公表。R8年度途中数値は未確認。
石川県,2026,bond_breakdown,債券内訳,NOT_COMPARABLE,PARTIAL_OFFICIAL,MEDIUM,https://www.pref.ishikawa.lg.jp/zaisei/data/koukinunyou/h28kikinunyou.html,R7年間実績は公表。R8年度途中数値は未確認。
石川県,2026,yield,運用利回り,NOT_COMPARABLE,PARTIAL_OFFICIAL,HIGH,https://www.pref.ishikawa.lg.jp/zaisei/data/koukinunyou/h28kikinunyou.html,R7年間実績は公表。R8年度途中数値は未確認。
石川県,2026,income,運用収入,NOT_COMPARABLE,PARTIAL_OFFICIAL,HIGH,https://www.pref.ishikawa.lg.jp/zaisei/data/koukinunyou/h28kikinunyou.html,R7年間実績は公表。R8年度途中数値は未確認。
石川県,2026,maturity,年限・平均残存年数,NOT_COMPARABLE,PARTIAL_OFFICIAL,HIGH,https://www.pref.ishikawa.lg.jp/zaisei/data/koukinunyou/h28kikinunyou.html,R7年間実績は公表。R8年度途中数値は未確認。
石川県,2026,maturity_structure,満期構成・ラダー,NOT_COMPARABLE,PARTIAL_OFFICIAL,MEDIUM,https://www.pref.ishikawa.lg.jp/zaisei/data/koukinunyou/h28kikinunyou.html,R7年間実績は公表。R8年度途中数値は未確認。
石川県,2026,investment_policy,運用方針,NOT_COMPARABLE,PARTIAL_OFFICIAL,MEDIUM,https://www.pref.ishikawa.lg.jp/zaisei/data/koukinunyou/h28kikinunyou.html,R7年間実績は公表。R8年度途中数値は未確認。
石川県,2026,risk_policy,リスク管理方針,NOT_COMPARABLE,PARTIAL_OFFICIAL,MEDIUM,https://www.pref.ishikawa.lg.jp/zaisei/data/koukinunyou/h28kikinunyou.html,R7年間実績は公表。R8年度途中数値は未確認。
福井県,2025,fund_balance,基金残高/平均基金残高,AVAILABLE,NUMERIC_OFFICIAL,HIGH,https://www.pref.fukui.lg.jp/doc/shinsa/shikin.html,平均基金残高と利息収入は公表。利回りは同じ定義の分母・分子からPython計算。債券残高は当該公表から分離できず。
福井県,2025,securities_balance,有価証券・債券残高,PARTIAL,NUMERIC_OFFICIAL,HIGH,https://www.pref.fukui.lg.jp/doc/shinsa/shikin.html,平均基金残高と利息収入は公表。利回りは同じ定義の分母・分子からPython計算。債券残高は当該公表から分離できず。
福井県,2025,government_bond_balance,国債残高,NOT_COMPARABLE,NUMERIC_OFFICIAL,HIGH,https://www.pref.fukui.lg.jp/doc/shinsa/shikin.html,平均基金残高と利息収入は公表。利回りは同じ定義の分母・分子からPython計算。債券残高は当該公表から分離できず。
福井県,2025,bond_breakdown,債券内訳,NOT_COMPARABLE,NUMERIC_OFFICIAL,MEDIUM,https://www.pref.fukui.lg.jp/doc/shinsa/shikin.html,平均基金残高と利息収入は公表。利回りは同じ定義の分母・分子からPython計算。債券残高は当該公表から分離できず。
福井県,2025,yield,運用利回り,AVAILABLE,NUMERIC_OFFICIAL,HIGH,https://www.pref.fukui.lg.jp/doc/shinsa/shikin.html,平均基金残高と利息収入は公表。利回りは同じ定義の分母・分子からPython計算。債券残高は当該公表から分離できず。
福井県,2025,income,運用収入,AVAILABLE,NUMERIC_OFFICIAL,HIGH,https://www.pref.fukui.lg.jp/doc/shinsa/shikin.html,平均基金残高と利息収入は公表。利回りは同じ定義の分母・分子からPython計算。債券残高は当該公表から分離できず。
福井県,2025,maturity,年限・平均残存年数,NOT_COMPARABLE,NUMERIC_OFFICIAL,HIGH,https://www.pref.fukui.lg.jp/doc/shinsa/shikin.html,平均基金残高と利息収入は公表。利回りは同じ定義の分母・分子からPython計算。債券残高は当該公表から分離できず。
福井県,2025,maturity_structure,満期構成・ラダー,NOT_COMPARABLE,NUMERIC_OFFICIAL,MEDIUM,https://www.pref.fukui.lg.jp/doc/shinsa/shikin.html,平均基金残高と利息収入は公表。利回りは同じ定義の分母・分子からPython計算。債券残高は当該公表から分離できず。
福井県,2025,investment_policy,運用方針,NOT_COMPARABLE,NUMERIC_OFFICIAL,MEDIUM,https://www.pref.fukui.lg.jp/doc/shinsa/shikin.html,平均基金残高と利息収入は公表。利回りは同じ定義の分母・分子からPython計算。債券残高は当該公表から分離できず。
福井県,2025,risk_policy,リスク管理方針,NOT_COMPARABLE,NUMERIC_OFFICIAL,MEDIUM,https://www.pref.fukui.lg.jp/doc/shinsa/shikin.html,平均基金残高と利息収入は公表。利回りは同じ定義の分母・分子からPython計算。債券残高は当該公表から分離できず。
福井県,2026,fund_balance,基金残高/平均基金残高,PARTIAL,PARTIAL_OFFICIAL,HIGH,https://www.pref.fukui.lg.jp/doc/shinsa/shikin.html,基金条例上、預金・国債・地方債・政府保証証券等で運用可能。R8途中数値は未確認。
福井県,2026,securities_balance,有価証券・債券残高,NOT_COMPARABLE,PARTIAL_OFFICIAL,HIGH,https://www.pref.fukui.lg.jp/doc/shinsa/shikin.html,基金条例上、預金・国債・地方債・政府保証証券等で運用可能。R8途中数値は未確認。
福井県,2026,government_bond_balance,国債残高,PARTIAL,PARTIAL_OFFICIAL,HIGH,https://www.pref.fukui.lg.jp/doc/shinsa/shikin.html,基金条例上、預金・国債・地方債・政府保証証券等で運用可能。R8途中数値は未確認。
福井県,2026,bond_breakdown,債券内訳,PARTIAL,PARTIAL_OFFICIAL,MEDIUM,https://www.pref.fukui.lg.jp/doc/shinsa/shikin.html,基金条例上、預金・国債・地方債・政府保証証券等で運用可能。R8途中数値は未確認。
福井県,2026,yield,運用利回り,NOT_COMPARABLE,PARTIAL_OFFICIAL,HIGH,https://www.pref.fukui.lg.jp/doc/shinsa/shikin.html,基金条例上、預金・国債・地方債・政府保証証券等で運用可能。R8途中数値は未確認。
福井県,2026,income,運用収入,NOT_COMPARABLE,PARTIAL_OFFICIAL,HIGH,https://www.pref.fukui.lg.jp/doc/shinsa/shikin.html,基金条例上、預金・国債・地方債・政府保証証券等で運用可能。R8途中数値は未確認。
福井県,2026,maturity,年限・平均残存年数,NOT_COMPARABLE,PARTIAL_OFFICIAL,HIGH,https://www.pref.fukui.lg.jp/doc/shinsa/shikin.html,基金条例上、預金・国債・地方債・政府保証証券等で運用可能。R8途中数値は未確認。
福井県,2026,maturity_structure,満期構成・ラダー,NOT_COMPARABLE,PARTIAL_OFFICIAL,MEDIUM,https://www.pref.fukui.lg.jp/doc/shinsa/shikin.html,基金条例上、預金・国債・地方債・政府保証証券等で運用可能。R8途中数値は未確認。
福井県,2026,investment_policy,運用方針,NOT_COMPARABLE,PARTIAL_OFFICIAL,MEDIUM,https://www.pref.fukui.lg.jp/doc/shinsa/shikin.html,基金条例上、預金・国債・地方債・政府保証証券等で運用可能。R8途中数値は未確認。
福井県,2026,risk_policy,リスク管理方針,AVAILABLE,PARTIAL_OFFICIAL,MEDIUM,https://www.pref.fukui.lg.jp/doc/shinsa/shikin.html,基金条例上、預金・国債・地方債・政府保証証券等で運用可能。R8途中数値は未確認。
山梨県,2025,fund_balance,基金残高/平均基金残高,SEARCHED_NOT_FOUND,SEARCHED_NOT_FOUND,HIGH,https://www.pref.yamanashi.jp/sui-kai/koukinunyou20.html,R7の基金全体について債券残高・国債残高・利回りを比較可能な公式資料を本調査では確認できず。
山梨県,2025,securities_balance,有価証券・債券残高,SEARCHED_NOT_FOUND,SEARCHED_NOT_FOUND,HIGH,https://www.pref.yamanashi.jp/sui-kai/koukinunyou20.html,R7の基金全体について債券残高・国債残高・利回りを比較可能な公式資料を本調査では確認できず。
山梨県,2025,government_bond_balance,国債残高,SEARCHED_NOT_FOUND,SEARCHED_NOT_FOUND,HIGH,https://www.pref.yamanashi.jp/sui-kai/koukinunyou20.html,R7の基金全体について債券残高・国債残高・利回りを比較可能な公式資料を本調査では確認できず。
山梨県,2025,bond_breakdown,債券内訳,SEARCHED_NOT_FOUND,SEARCHED_NOT_FOUND,MEDIUM,https://www.pref.yamanashi.jp/sui-kai/koukinunyou20.html,R7の基金全体について債券残高・国債残高・利回りを比較可能な公式資料を本調査では確認できず。
山梨県,2025,yield,運用利回り,SEARCHED_NOT_FOUND,SEARCHED_NOT_FOUND,HIGH,https://www.pref.yamanashi.jp/sui-kai/koukinunyou20.html,R7の基金全体について債券残高・国債残高・利回りを比較可能な公式資料を本調査では確認できず。
山梨県,2025,income,運用収入,SEARCHED_NOT_FOUND,SEARCHED_NOT_FOUND,HIGH,https://www.pref.yamanashi.jp/sui-kai/koukinunyou20.html,R7の基金全体について債券残高・国債残高・利回りを比較可能な公式資料を本調査では確認できず。
山梨県,2025,maturity,年限・平均残存年数,SEARCHED_NOT_FOUND,SEARCHED_NOT_FOUND,HIGH,https://www.pref.yamanashi.jp/sui-kai/koukinunyou20.html,R7の基金全体について債券残高・国債残高・利回りを比較可能な公式資料を本調査では確認できず。
山梨県,2025,maturity_structure,満期構成・ラダー,SEARCHED_NOT_FOUND,SEARCHED_NOT_FOUND,MEDIUM,https://www.pref.yamanashi.jp/sui-kai/koukinunyou20.html,R7の基金全体について債券残高・国債残高・利回りを比較可能な公式資料を本調査では確認できず。
山梨県,2025,investment_policy,運用方針,SEARCHED_NOT_FOUND,SEARCHED_NOT_FOUND,MEDIUM,https://www.pref.yamanashi.jp/sui-kai/koukinunyou20.html,R7の基金全体について債券残高・国債残高・利回りを比較可能な公式資料を本調査では確認できず。
山梨県,2025,risk_policy,リスク管理方針,SEARCHED_NOT_FOUND,SEARCHED_NOT_FOUND,MEDIUM,https://www.pref.yamanashi.jp/sui-kai/koukinunyou20.html,R7の基金全体について債券残高・国債残高・利回りを比較可能な公式資料を本調査では確認できず。
山梨県,2026,fund_balance,基金残高/平均基金残高,SEARCHED_NOT_FOUND,SEARCHED_NOT_FOUND,HIGH,https://www.pref.yamanashi.jp/sui-kai/koukinunyou20.html,R8年度途中の比較可能数値を確認できず。
山梨県,2026,securities_balance,有価証券・債券残高,SEARCHED_NOT_FOUND,SEARCHED_NOT_FOUND,HIGH,https://www.pref.yamanashi.jp/sui-kai/koukinunyou20.html,R8年度途中の比較可能数値を確認できず。
山梨県,2026,government_bond_balance,国債残高,SEARCHED_NOT_FOUND,SEARCHED_NOT_FOUND,HIGH,https://www.pref.yamanashi.jp/sui-kai/koukinunyou20.html,R8年度途中の比較可能数値を確認できず。
山梨県,2026,bond_breakdown,債券内訳,SEARCHED_NOT_FOUND,SEARCHED_NOT_FOUND,MEDIUM,https://www.pref.yamanashi.jp/sui-kai/koukinunyou20.html,R8年度途中の比較可能数値を確認できず。
山梨県,2026,yield,運用利回り,SEARCHED_NOT_FOUND,SEARCHED_NOT_FOUND,HIGH,https://www.pref.yamanashi.jp/sui-kai/koukinunyou20.html,R8年度途中の比較可能数値を確認できず。
山梨県,2026,income,運用収入,SEARCHED_NOT_FOUND,SEARCHED_NOT_FOUND,HIGH,https://www.pref.yamanashi.jp/sui-kai/koukinunyou20.html,R8年度途中の比較可能数値を確認できず。
山梨県,2026,maturity,年限・平均残存年数,SEARCHED_NOT_FOUND,SEARCHED_NOT_FOUND,HIGH,https://www.pref.yamanashi.jp/sui-kai/koukinunyou20.html,R8年度途中の比較可能数値を確認できず。
山梨県,2026,maturity_structure,満期構成・ラダー,SEARCHED_NOT_FOUND,SEARCHED_NOT_FOUND,MEDIUM,https://www.pref.yamanashi.jp/sui-kai/koukinunyou20.html,R8年度途中の比較可能数値を確認できず。
山梨県,2026,investment_policy,運用方針,SEARCHED_NOT_FOUND,SEARCHED_NOT_FOUND,MEDIUM,https://www.pref.yamanashi.jp/sui-kai/koukinunyou20.html,R8年度途中の比較可能数値を確認できず。
山梨県,2026,risk_policy,リスク管理方針,SEARCHED_NOT_FOUND,SEARCHED_NOT_FOUND,MEDIUM,https://www.pref.yamanashi.jp/sui-kai/koukinunyou20.html,R8年度途中の比較可能数値を確認できず。
長野県,2025,fund_balance,基金残高/平均基金残高,PARTIAL,PARTIAL_OFFICIAL,HIGH,https://www.pref.nagano.lg.jp/kansa/kensei/kansa/kekka/kekka.html,R7決算審査意見書は公表済みだが、基金全体の運用商品別残高・利回りの横断集計は本調査では確認できず。
長野県,2025,securities_balance,有価証券・債券残高,NOT_COMPARABLE,PARTIAL_OFFICIAL,HIGH,https://www.pref.nagano.lg.jp/kansa/kensei/kansa/kekka/kekka.html,R7決算審査意見書は公表済みだが、基金全体の運用商品別残高・利回りの横断集計は本調査では確認できず。
長野県,2025,government_bond_balance,国債残高,PARTIAL,PARTIAL_OFFICIAL,HIGH,https://www.pref.nagano.lg.jp/kansa/kensei/kansa/kekka/kekka.html,R7決算審査意見書は公表済みだが、基金全体の運用商品別残高・利回りの横断集計は本調査では確認できず。
長野県,2025,bond_breakdown,債券内訳,PARTIAL,PARTIAL_OFFICIAL,MEDIUM,https://www.pref.nagano.lg.jp/kansa/kensei/kansa/kekka/kekka.html,R7決算審査意見書は公表済みだが、基金全体の運用商品別残高・利回りの横断集計は本調査では確認できず。
長野県,2025,yield,運用利回り,PARTIAL,PARTIAL_OFFICIAL,HIGH,https://www.pref.nagano.lg.jp/kansa/kensei/kansa/kekka/kekka.html,R7決算審査意見書は公表済みだが、基金全体の運用商品別残高・利回りの横断集計は本調査では確認できず。
長野県,2025,income,運用収入,NOT_COMPARABLE,PARTIAL_OFFICIAL,HIGH,https://www.pref.nagano.lg.jp/kansa/kensei/kansa/kekka/kekka.html,R7決算審査意見書は公表済みだが、基金全体の運用商品別残高・利回りの横断集計は本調査では確認できず。
長野県,2025,maturity,年限・平均残存年数,PARTIAL,PARTIAL_OFFICIAL,HIGH,https://www.pref.nagano.lg.jp/kansa/kensei/kansa/kekka/kekka.html,R7決算審査意見書は公表済みだが、基金全体の運用商品別残高・利回りの横断集計は本調査では確認できず。
長野県,2025,maturity_structure,満期構成・ラダー,NOT_COMPARABLE,PARTIAL_OFFICIAL,MEDIUM,https://www.pref.nagano.lg.jp/kansa/kensei/kansa/kekka/kekka.html,R7決算審査意見書は公表済みだが、基金全体の運用商品別残高・利回りの横断集計は本調査では確認できず。
長野県,2025,investment_policy,運用方針,NOT_COMPARABLE,PARTIAL_OFFICIAL,MEDIUM,https://www.pref.nagano.lg.jp/kansa/kensei/kansa/kekka/kekka.html,R7決算審査意見書は公表済みだが、基金全体の運用商品別残高・利回りの横断集計は本調査では確認できず。
長野県,2025,risk_policy,リスク管理方針,AVAILABLE,PARTIAL_OFFICIAL,MEDIUM,https://www.pref.nagano.lg.jp/kansa/kensei/kansa/kekka/kekka.html,R7決算審査意見書は公表済みだが、基金全体の運用商品別残高・利回りの横断集計は本調査では確認できず。
長野県,2026,fund_balance,基金残高/平均基金残高,NOT_COMPARABLE,PARTIAL_OFFICIAL,HIGH,https://www.pref.nagano.lg.jp/kaikei/kensei/soshiki/soshiki/kencho/kaikei/hoshin.html,国債・地方債等、満期保有、適正運用期間等の方針を確認。R8数値は未確認。
長野県,2026,securities_balance,有価証券・債券残高,NOT_COMPARABLE,PARTIAL_OFFICIAL,HIGH,https://www.pref.nagano.lg.jp/kaikei/kensei/soshiki/soshiki/kencho/kaikei/hoshin.html,国債・地方債等、満期保有、適正運用期間等の方針を確認。R8数値は未確認。
長野県,2026,government_bond_balance,国債残高,PARTIAL,PARTIAL_OFFICIAL,HIGH,https://www.pref.nagano.lg.jp/kaikei/kensei/soshiki/soshiki/kencho/kaikei/hoshin.html,国債・地方債等、満期保有、適正運用期間等の方針を確認。R8数値は未確認。
長野県,2026,bond_breakdown,債券内訳,PARTIAL,PARTIAL_OFFICIAL,MEDIUM,https://www.pref.nagano.lg.jp/kaikei/kensei/soshiki/soshiki/kencho/kaikei/hoshin.html,国債・地方債等、満期保有、適正運用期間等の方針を確認。R8数値は未確認。
長野県,2026,yield,運用利回り,NOT_COMPARABLE,PARTIAL_OFFICIAL,HIGH,https://www.pref.nagano.lg.jp/kaikei/kensei/soshiki/soshiki/kencho/kaikei/hoshin.html,国債・地方債等、満期保有、適正運用期間等の方針を確認。R8数値は未確認。
長野県,2026,income,運用収入,NOT_COMPARABLE,PARTIAL_OFFICIAL,HIGH,https://www.pref.nagano.lg.jp/kaikei/kensei/soshiki/soshiki/kencho/kaikei/hoshin.html,国債・地方債等、満期保有、適正運用期間等の方針を確認。R8数値は未確認。
長野県,2026,maturity,年限・平均残存年数,PARTIAL,PARTIAL_OFFICIAL,HIGH,https://www.pref.nagano.lg.jp/kaikei/kensei/soshiki/soshiki/kencho/kaikei/hoshin.html,国債・地方債等、満期保有、適正運用期間等の方針を確認。R8数値は未確認。
長野県,2026,maturity_structure,満期構成・ラダー,NOT_COMPARABLE,PARTIAL_OFFICIAL,MEDIUM,https://www.pref.nagano.lg.jp/kaikei/kensei/soshiki/soshiki/kencho/kaikei/hoshin.html,国債・地方債等、満期保有、適正運用期間等の方針を確認。R8数値は未確認。
長野県,2026,investment_policy,運用方針,AVAILABLE,PARTIAL_OFFICIAL,MEDIUM,https://www.pref.nagano.lg.jp/kaikei/kensei/soshiki/soshiki/kencho/kaikei/hoshin.html,国債・地方債等、満期保有、適正運用期間等の方針を確認。R8数値は未確認。
長野県,2026,risk_policy,リスク管理方針,AVAILABLE,PARTIAL_OFFICIAL,MEDIUM,https://www.pref.nagano.lg.jp/kaikei/kensei/soshiki/soshiki/kencho/kaikei/hoshin.html,国債・地方債等、満期保有、適正運用期間等の方針を確認。R8数値は未確認。
岐阜県,2025,fund_balance,基金残高/平均基金残高,SEARCHED_NOT_FOUND,SEARCHED_NOT_FOUND,HIGH,https://www.pref.gifu.lg.jp/soshiki/11113/index.html,運用実績ページへの導線はあるが、本調査でR7年間実績の数値を確認できず。
岐阜県,2025,securities_balance,有価証券・債券残高,SEARCHED_NOT_FOUND,SEARCHED_NOT_FOUND,HIGH,https://www.pref.gifu.lg.jp/soshiki/11113/index.html,運用実績ページへの導線はあるが、本調査でR7年間実績の数値を確認できず。
岐阜県,2025,government_bond_balance,国債残高,SEARCHED_NOT_FOUND,SEARCHED_NOT_FOUND,HIGH,https://www.pref.gifu.lg.jp/soshiki/11113/index.html,運用実績ページへの導線はあるが、本調査でR7年間実績の数値を確認できず。
岐阜県,2025,bond_breakdown,債券内訳,SEARCHED_NOT_FOUND,SEARCHED_NOT_FOUND,MEDIUM,https://www.pref.gifu.lg.jp/soshiki/11113/index.html,運用実績ページへの導線はあるが、本調査でR7年間実績の数値を確認できず。
岐阜県,2025,yield,運用利回り,SEARCHED_NOT_FOUND,SEARCHED_NOT_FOUND,HIGH,https://www.pref.gifu.lg.jp/soshiki/11113/index.html,運用実績ページへの導線はあるが、本調査でR7年間実績の数値を確認できず。
岐阜県,2025,income,運用収入,SEARCHED_NOT_FOUND,SEARCHED_NOT_FOUND,HIGH,https://www.pref.gifu.lg.jp/soshiki/11113/index.html,運用実績ページへの導線はあるが、本調査でR7年間実績の数値を確認できず。
岐阜県,2025,maturity,年限・平均残存年数,SEARCHED_NOT_FOUND,SEARCHED_NOT_FOUND,HIGH,https://www.pref.gifu.lg.jp/soshiki/11113/index.html,運用実績ページへの導線はあるが、本調査でR7年間実績の数値を確認できず。
岐阜県,2025,maturity_structure,満期構成・ラダー,SEARCHED_NOT_FOUND,SEARCHED_NOT_FOUND,MEDIUM,https://www.pref.gifu.lg.jp/soshiki/11113/index.html,運用実績ページへの導線はあるが、本調査でR7年間実績の数値を確認できず。
岐阜県,2025,investment_policy,運用方針,SEARCHED_NOT_FOUND,SEARCHED_NOT_FOUND,MEDIUM,https://www.pref.gifu.lg.jp/soshiki/11113/index.html,運用実績ページへの導線はあるが、本調査でR7年間実績の数値を確認できず。
岐阜県,2025,risk_policy,リスク管理方針,SEARCHED_NOT_FOUND,SEARCHED_NOT_FOUND,MEDIUM,https://www.pref.gifu.lg.jp/soshiki/11113/index.html,運用実績ページへの導線はあるが、本調査でR7年間実績の数値を確認できず。
岐阜県,2026,fund_balance,基金残高/平均基金残高,PARTIAL,PARTIAL_OFFICIAL,HIGH,https://www.pref.gifu.lg.jp/page/23266.html,国債・政府保証債・地方債等、満期保有、分散運用、基金所管課との期間調整を明記。R8数値未確認。
岐阜県,2026,securities_balance,有価証券・債券残高,NOT_COMPARABLE,PARTIAL_OFFICIAL,HIGH,https://www.pref.gifu.lg.jp/page/23266.html,国債・政府保証債・地方債等、満期保有、分散運用、基金所管課との期間調整を明記。R8数値未確認。
岐阜県,2026,government_bond_balance,国債残高,PARTIAL,PARTIAL_OFFICIAL,HIGH,https://www.pref.gifu.lg.jp/page/23266.html,国債・政府保証債・地方債等、満期保有、分散運用、基金所管課との期間調整を明記。R8数値未確認。
岐阜県,2026,bond_breakdown,債券内訳,PARTIAL,PARTIAL_OFFICIAL,MEDIUM,https://www.pref.gifu.lg.jp/page/23266.html,国債・政府保証債・地方債等、満期保有、分散運用、基金所管課との期間調整を明記。R8数値未確認。
岐阜県,2026,yield,運用利回り,NOT_COMPARABLE,PARTIAL_OFFICIAL,HIGH,https://www.pref.gifu.lg.jp/page/23266.html,国債・政府保証債・地方債等、満期保有、分散運用、基金所管課との期間調整を明記。R8数値未確認。
岐阜県,2026,income,運用収入,NOT_COMPARABLE,PARTIAL_OFFICIAL,HIGH,https://www.pref.gifu.lg.jp/page/23266.html,国債・政府保証債・地方債等、満期保有、分散運用、基金所管課との期間調整を明記。R8数値未確認。
岐阜県,2026,maturity,年限・平均残存年数,PARTIAL,PARTIAL_OFFICIAL,HIGH,https://www.pref.gifu.lg.jp/page/23266.html,国債・政府保証債・地方債等、満期保有、分散運用、基金所管課との期間調整を明記。R8数値未確認。
岐阜県,2026,maturity_structure,満期構成・ラダー,NOT_COMPARABLE,PARTIAL_OFFICIAL,MEDIUM,https://www.pref.gifu.lg.jp/page/23266.html,国債・政府保証債・地方債等、満期保有、分散運用、基金所管課との期間調整を明記。R8数値未確認。
岐阜県,2026,investment_policy,運用方針,AVAILABLE,PARTIAL_OFFICIAL,MEDIUM,https://www.pref.gifu.lg.jp/page/23266.html,国債・政府保証債・地方債等、満期保有、分散運用、基金所管課との期間調整を明記。R8数値未確認。
岐阜県,2026,risk_policy,リスク管理方針,AVAILABLE,PARTIAL_OFFICIAL,MEDIUM,https://www.pref.gifu.lg.jp/page/23266.html,国債・政府保証債・地方債等、満期保有、分散運用、基金所管課との期間調整を明記。R8数値未確認。
静岡県,2025,fund_balance,基金残高/平均基金残高,AVAILABLE,NUMERIC_OFFICIAL,HIGH,https://www.pref.shizuoka.jp/_res/projects/default_project/_page_/001/030/351/shikinnunnyou.08.10.pdf,基金の預金・債券平均残高、各利回り、運用収入を比較可能。債券銘柄・年限内訳は当該表では未確認。
静岡県,2025,securities_balance,有価証券・債券残高,AVAILABLE,NUMERIC_OFFICIAL,HIGH,https://www.pref.shizuoka.jp/_res/projects/default_project/_page_/001/030/351/shikinnunnyou.08.10.pdf,基金の預金・債券平均残高、各利回り、運用収入を比較可能。債券銘柄・年限内訳は当該表では未確認。
静岡県,2025,government_bond_balance,国債残高,NOT_COMPARABLE,NUMERIC_OFFICIAL,HIGH,https://www.pref.shizuoka.jp/_res/projects/default_project/_page_/001/030/351/shikinnunnyou.08.10.pdf,基金の預金・債券平均残高、各利回り、運用収入を比較可能。債券銘柄・年限内訳は当該表では未確認。
静岡県,2025,bond_breakdown,債券内訳,NOT_COMPARABLE,NUMERIC_OFFICIAL,MEDIUM,https://www.pref.shizuoka.jp/_res/projects/default_project/_page_/001/030/351/shikinnunnyou.08.10.pdf,基金の預金・債券平均残高、各利回り、運用収入を比較可能。債券銘柄・年限内訳は当該表では未確認。
静岡県,2025,yield,運用利回り,AVAILABLE,NUMERIC_OFFICIAL,HIGH,https://www.pref.shizuoka.jp/_res/projects/default_project/_page_/001/030/351/shikinnunnyou.08.10.pdf,基金の預金・債券平均残高、各利回り、運用収入を比較可能。債券銘柄・年限内訳は当該表では未確認。
静岡県,2025,income,運用収入,AVAILABLE,NUMERIC_OFFICIAL,HIGH,https://www.pref.shizuoka.jp/_res/projects/default_project/_page_/001/030/351/shikinnunnyou.08.10.pdf,基金の預金・債券平均残高、各利回り、運用収入を比較可能。債券銘柄・年限内訳は当該表では未確認。
静岡県,2025,maturity,年限・平均残存年数,PARTIAL,NUMERIC_OFFICIAL,HIGH,https://www.pref.shizuoka.jp/_res/projects/default_project/_page_/001/030/351/shikinnunnyou.08.10.pdf,基金の預金・債券平均残高、各利回り、運用収入を比較可能。債券銘柄・年限内訳は当該表では未確認。
静岡県,2025,maturity_structure,満期構成・ラダー,NOT_COMPARABLE,NUMERIC_OFFICIAL,MEDIUM,https://www.pref.shizuoka.jp/_res/projects/default_project/_page_/001/030/351/shikinnunnyou.08.10.pdf,基金の預金・債券平均残高、各利回り、運用収入を比較可能。債券銘柄・年限内訳は当該表では未確認。
静岡県,2025,investment_policy,運用方針,AVAILABLE,NUMERIC_OFFICIAL,MEDIUM,https://www.pref.shizuoka.jp/_res/projects/default_project/_page_/001/030/351/shikinnunnyou.08.10.pdf,基金の預金・債券平均残高、各利回り、運用収入を比較可能。債券銘柄・年限内訳は当該表では未確認。
静岡県,2025,risk_policy,リスク管理方針,NOT_COMPARABLE,NUMERIC_OFFICIAL,MEDIUM,https://www.pref.shizuoka.jp/_res/projects/default_project/_page_/001/030/351/shikinnunnyou.08.10.pdf,基金の預金・債券平均残高、各利回り、運用収入を比較可能。債券銘柄・年限内訳は当該表では未確認。
静岡県,2026,fund_balance,基金残高/平均基金残高,PARTIAL,PARTIAL_OFFICIAL,HIGH,https://www.pref.shizuoka.jp/kensei/zaiseisuito/suito/1030351.html,基金一括運用、競争入札、国債・地方債等の方針は確認。R8途中数値は未確認。
静岡県,2026,securities_balance,有価証券・債券残高,NOT_COMPARABLE,PARTIAL_OFFICIAL,HIGH,https://www.pref.shizuoka.jp/kensei/zaiseisuito/suito/1030351.html,基金一括運用、競争入札、国債・地方債等の方針は確認。R8途中数値は未確認。
静岡県,2026,government_bond_balance,国債残高,PARTIAL,PARTIAL_OFFICIAL,HIGH,https://www.pref.shizuoka.jp/kensei/zaiseisuito/suito/1030351.html,基金一括運用、競争入札、国債・地方債等の方針は確認。R8途中数値は未確認。
静岡県,2026,bond_breakdown,債券内訳,PARTIAL,PARTIAL_OFFICIAL,MEDIUM,https://www.pref.shizuoka.jp/kensei/zaiseisuito/suito/1030351.html,基金一括運用、競争入札、国債・地方債等の方針は確認。R8途中数値は未確認。
静岡県,2026,yield,運用利回り,NOT_COMPARABLE,PARTIAL_OFFICIAL,HIGH,https://www.pref.shizuoka.jp/kensei/zaiseisuito/suito/1030351.html,基金一括運用、競争入札、国債・地方債等の方針は確認。R8途中数値は未確認。
静岡県,2026,income,運用収入,NOT_COMPARABLE,PARTIAL_OFFICIAL,HIGH,https://www.pref.shizuoka.jp/kensei/zaiseisuito/suito/1030351.html,基金一括運用、競争入札、国債・地方債等の方針は確認。R8途中数値は未確認。
静岡県,2026,maturity,年限・平均残存年数,NOT_COMPARABLE,PARTIAL_OFFICIAL,HIGH,https://www.pref.shizuoka.jp/kensei/zaiseisuito/suito/1030351.html,基金一括運用、競争入札、国債・地方債等の方針は確認。R8途中数値は未確認。
静岡県,2026,maturity_structure,満期構成・ラダー,NOT_COMPARABLE,PARTIAL_OFFICIAL,MEDIUM,https://www.pref.shizuoka.jp/kensei/zaiseisuito/suito/1030351.html,基金一括運用、競争入札、国債・地方債等の方針は確認。R8途中数値は未確認。
静岡県,2026,investment_policy,運用方針,AVAILABLE,PARTIAL_OFFICIAL,MEDIUM,https://www.pref.shizuoka.jp/kensei/zaiseisuito/suito/1030351.html,基金一括運用、競争入札、国債・地方債等の方針は確認。R8途中数値は未確認。
静岡県,2026,risk_policy,リスク管理方針,AVAILABLE,PARTIAL_OFFICIAL,MEDIUM,https://www.pref.shizuoka.jp/kensei/zaiseisuito/suito/1030351.html,基金一括運用、競争入札、国債・地方債等の方針は確認。R8途中数値は未確認。
愛知県,2025,fund_balance,基金残高/平均基金残高,PARTIAL,PARTIAL_OFFICIAL,HIGH,https://www.pref.aichi.jp/soshiki/shikin-kikaku/zaimumanagement2025.html,「一括運用基金における債券運用」が正式議題。会議録は非公開で数値比較はできず。
愛知県,2025,securities_balance,有価証券・債券残高,PARTIAL,PARTIAL_OFFICIAL,HIGH,https://www.pref.aichi.jp/soshiki/shikin-kikaku/zaimumanagement2025.html,「一括運用基金における債券運用」が正式議題。会議録は非公開で数値比較はできず。
愛知県,2025,government_bond_balance,国債残高,NOT_COMPARABLE,PARTIAL_OFFICIAL,HIGH,https://www.pref.aichi.jp/soshiki/shikin-kikaku/zaimumanagement2025.html,「一括運用基金における債券運用」が正式議題。会議録は非公開で数値比較はできず。
愛知県,2025,bond_breakdown,債券内訳,NOT_COMPARABLE,PARTIAL_OFFICIAL,MEDIUM,https://www.pref.aichi.jp/soshiki/shikin-kikaku/zaimumanagement2025.html,「一括運用基金における債券運用」が正式議題。会議録は非公開で数値比較はできず。
愛知県,2025,yield,運用利回り,NOT_COMPARABLE,PARTIAL_OFFICIAL,HIGH,https://www.pref.aichi.jp/soshiki/shikin-kikaku/zaimumanagement2025.html,「一括運用基金における債券運用」が正式議題。会議録は非公開で数値比較はできず。
愛知県,2025,income,運用収入,NOT_COMPARABLE,PARTIAL_OFFICIAL,HIGH,https://www.pref.aichi.jp/soshiki/shikin-kikaku/zaimumanagement2025.html,「一括運用基金における債券運用」が正式議題。会議録は非公開で数値比較はできず。
愛知県,2025,maturity,年限・平均残存年数,NOT_COMPARABLE,PARTIAL_OFFICIAL,HIGH,https://www.pref.aichi.jp/soshiki/shikin-kikaku/zaimumanagement2025.html,「一括運用基金における債券運用」が正式議題。会議録は非公開で数値比較はできず。
愛知県,2025,maturity_structure,満期構成・ラダー,NOT_COMPARABLE,PARTIAL_OFFICIAL,MEDIUM,https://www.pref.aichi.jp/soshiki/shikin-kikaku/zaimumanagement2025.html,「一括運用基金における債券運用」が正式議題。会議録は非公開で数値比較はできず。
愛知県,2025,investment_policy,運用方針,AVAILABLE,PARTIAL_OFFICIAL,MEDIUM,https://www.pref.aichi.jp/soshiki/shikin-kikaku/zaimumanagement2025.html,「一括運用基金における債券運用」が正式議題。会議録は非公開で数値比較はできず。
愛知県,2025,risk_policy,リスク管理方針,NOT_COMPARABLE,PARTIAL_OFFICIAL,MEDIUM,https://www.pref.aichi.jp/soshiki/shikin-kikaku/zaimumanagement2025.html,「一括運用基金における債券運用」が正式議題。会議録は非公開で数値比較はできず。
愛知県,2026,fund_balance,基金残高/平均基金残高,PARTIAL,PARTIAL_OFFICIAL,HIGH,https://www.pref.aichi.jp/soshiki/shikin-kikaku/zaimumanagement2025.html,債券運用のガバナンスは確認できるがR8基金ポートフォリオ数値は未確認。
愛知県,2026,securities_balance,有価証券・債券残高,PARTIAL,PARTIAL_OFFICIAL,HIGH,https://www.pref.aichi.jp/soshiki/shikin-kikaku/zaimumanagement2025.html,債券運用のガバナンスは確認できるがR8基金ポートフォリオ数値は未確認。
愛知県,2026,government_bond_balance,国債残高,NOT_COMPARABLE,PARTIAL_OFFICIAL,HIGH,https://www.pref.aichi.jp/soshiki/shikin-kikaku/zaimumanagement2025.html,債券運用のガバナンスは確認できるがR8基金ポートフォリオ数値は未確認。
愛知県,2026,bond_breakdown,債券内訳,NOT_COMPARABLE,PARTIAL_OFFICIAL,MEDIUM,https://www.pref.aichi.jp/soshiki/shikin-kikaku/zaimumanagement2025.html,債券運用のガバナンスは確認できるがR8基金ポートフォリオ数値は未確認。
愛知県,2026,yield,運用利回り,NOT_COMPARABLE,PARTIAL_OFFICIAL,HIGH,https://www.pref.aichi.jp/soshiki/shikin-kikaku/zaimumanagement2025.html,債券運用のガバナンスは確認できるがR8基金ポートフォリオ数値は未確認。
愛知県,2026,income,運用収入,NOT_COMPARABLE,PARTIAL_OFFICIAL,HIGH,https://www.pref.aichi.jp/soshiki/shikin-kikaku/zaimumanagement2025.html,債券運用のガバナンスは確認できるがR8基金ポートフォリオ数値は未確認。
愛知県,2026,maturity,年限・平均残存年数,NOT_COMPARABLE,PARTIAL_OFFICIAL,HIGH,https://www.pref.aichi.jp/soshiki/shikin-kikaku/zaimumanagement2025.html,債券運用のガバナンスは確認できるがR8基金ポートフォリオ数値は未確認。
愛知県,2026,maturity_structure,満期構成・ラダー,NOT_COMPARABLE,PARTIAL_OFFICIAL,MEDIUM,https://www.pref.aichi.jp/soshiki/shikin-kikaku/zaimumanagement2025.html,債券運用のガバナンスは確認できるがR8基金ポートフォリオ数値は未確認。
愛知県,2026,investment_policy,運用方針,AVAILABLE,PARTIAL_OFFICIAL,MEDIUM,https://www.pref.aichi.jp/soshiki/shikin-kikaku/zaimumanagement2025.html,債券運用のガバナンスは確認できるがR8基金ポートフォリオ数値は未確認。
愛知県,2026,risk_policy,リスク管理方針,NOT_COMPARABLE,PARTIAL_OFFICIAL,MEDIUM,https://www.pref.aichi.jp/soshiki/shikin-kikaku/zaimumanagement2025.html,債券運用のガバナンスは確認できるがR8基金ポートフォリオ数値は未確認。
三重県,2025,fund_balance,基金残高/平均基金残高,PARTIAL,NUMERIC_OFFICIAL_FORECAST,HIGH,https://www.pref.mie.lg.jp/common/content/001256985.pdf,R7基金運用収益は「約7億円を超える見込み」。確定実績・平均残高・債券残高は未確認。
三重県,2025,securities_balance,有価証券・債券残高,PARTIAL,NUMERIC_OFFICIAL_FORECAST,HIGH,https://www.pref.mie.lg.jp/common/content/001256985.pdf,R7基金運用収益は「約7億円を超える見込み」。確定実績・平均残高・債券残高は未確認。
三重県,2025,government_bond_balance,国債残高,NOT_COMPARABLE,NUMERIC_OFFICIAL_FORECAST,HIGH,https://www.pref.mie.lg.jp/common/content/001256985.pdf,R7基金運用収益は「約7億円を超える見込み」。確定実績・平均残高・債券残高は未確認。
三重県,2025,bond_breakdown,債券内訳,NOT_COMPARABLE,NUMERIC_OFFICIAL_FORECAST,MEDIUM,https://www.pref.mie.lg.jp/common/content/001256985.pdf,R7基金運用収益は「約7億円を超える見込み」。確定実績・平均残高・債券残高は未確認。
三重県,2025,yield,運用利回り,NOT_COMPARABLE,NUMERIC_OFFICIAL_FORECAST,HIGH,https://www.pref.mie.lg.jp/common/content/001256985.pdf,R7基金運用収益は「約7億円を超える見込み」。確定実績・平均残高・債券残高は未確認。
三重県,2025,income,運用収入,AVAILABLE,NUMERIC_OFFICIAL_FORECAST,HIGH,https://www.pref.mie.lg.jp/common/content/001256985.pdf,R7基金運用収益は「約7億円を超える見込み」。確定実績・平均残高・債券残高は未確認。
三重県,2025,maturity,年限・平均残存年数,NOT_COMPARABLE,NUMERIC_OFFICIAL_FORECAST,HIGH,https://www.pref.mie.lg.jp/common/content/001256985.pdf,R7基金運用収益は「約7億円を超える見込み」。確定実績・平均残高・債券残高は未確認。
三重県,2025,maturity_structure,満期構成・ラダー,NOT_COMPARABLE,NUMERIC_OFFICIAL_FORECAST,MEDIUM,https://www.pref.mie.lg.jp/common/content/001256985.pdf,R7基金運用収益は「約7億円を超える見込み」。確定実績・平均残高・債券残高は未確認。
三重県,2025,investment_policy,運用方針,AVAILABLE,NUMERIC_OFFICIAL_FORECAST,MEDIUM,https://www.pref.mie.lg.jp/common/content/001256985.pdf,R7基金運用収益は「約7億円を超える見込み」。確定実績・平均残高・債券残高は未確認。
三重県,2025,risk_policy,リスク管理方針,AVAILABLE,NUMERIC_OFFICIAL_FORECAST,MEDIUM,https://www.pref.mie.lg.jp/common/content/001256985.pdf,R7基金運用収益は「約7億円を超える見込み」。確定実績・平均残高・債券残高は未確認。
三重県,2026,fund_balance,基金残高/平均基金残高,PARTIAL,PARTIAL_OFFICIAL,HIGH,https://www.pref.mie.lg.jp/common/content/001256985.pdf,管理手法は確認できるがR8実績数値は未確認。
三重県,2026,securities_balance,有価証券・債券残高,NOT_COMPARABLE,PARTIAL_OFFICIAL,HIGH,https://www.pref.mie.lg.jp/common/content/001256985.pdf,管理手法は確認できるがR8実績数値は未確認。
三重県,2026,government_bond_balance,国債残高,NOT_COMPARABLE,PARTIAL_OFFICIAL,HIGH,https://www.pref.mie.lg.jp/common/content/001256985.pdf,管理手法は確認できるがR8実績数値は未確認。
三重県,2026,bond_breakdown,債券内訳,NOT_COMPARABLE,PARTIAL_OFFICIAL,MEDIUM,https://www.pref.mie.lg.jp/common/content/001256985.pdf,管理手法は確認できるがR8実績数値は未確認。
三重県,2026,yield,運用利回り,NOT_COMPARABLE,PARTIAL_OFFICIAL,HIGH,https://www.pref.mie.lg.jp/common/content/001256985.pdf,管理手法は確認できるがR8実績数値は未確認。
三重県,2026,income,運用収入,NOT_COMPARABLE,PARTIAL_OFFICIAL,HIGH,https://www.pref.mie.lg.jp/common/content/001256985.pdf,管理手法は確認できるがR8実績数値は未確認。
三重県,2026,maturity,年限・平均残存年数,NOT_COMPARABLE,PARTIAL_OFFICIAL,HIGH,https://www.pref.mie.lg.jp/common/content/001256985.pdf,管理手法は確認できるがR8実績数値は未確認。
三重県,2026,maturity_structure,満期構成・ラダー,NOT_COMPARABLE,PARTIAL_OFFICIAL,MEDIUM,https://www.pref.mie.lg.jp/common/content/001256985.pdf,管理手法は確認できるがR8実績数値は未確認。
三重県,2026,investment_policy,運用方針,AVAILABLE,PARTIAL_OFFICIAL,MEDIUM,https://www.pref.mie.lg.jp/common/content/001256985.pdf,管理手法は確認できるがR8実績数値は未確認。
三重県,2026,risk_policy,リスク管理方針,AVAILABLE,PARTIAL_OFFICIAL,MEDIUM,https://www.pref.mie.lg.jp/common/content/001256985.pdf,管理手法は確認できるがR8実績数値は未確認。
滋賀県,2025,fund_balance,基金残高/平均基金残高,PARTIAL,PARTIAL_OFFICIAL,HIGH,https://www.pref.shiga.lg.jp/kensei/gaiyou/soshiki/kaikeikanrikyoku/kaikeika/,会計課が基金等資金の管理・運用を所管することを確認。R7の債券残高・国債残高・利回り等の比較可能な実績は未確認。
滋賀県,2025,securities_balance,有価証券・債券残高,PARTIAL,PARTIAL_OFFICIAL,HIGH,https://www.pref.shiga.lg.jp/kensei/gaiyou/soshiki/kaikeikanrikyoku/kaikeika/,会計課が基金等資金の管理・運用を所管することを確認。R7の債券残高・国債残高・利回り等の比較可能な実績は未確認。
滋賀県,2025,government_bond_balance,国債残高,PARTIAL,PARTIAL_OFFICIAL,HIGH,https://www.pref.shiga.lg.jp/kensei/gaiyou/soshiki/kaikeikanrikyoku/kaikeika/,会計課が基金等資金の管理・運用を所管することを確認。R7の債券残高・国債残高・利回り等の比較可能な実績は未確認。
滋賀県,2025,bond_breakdown,債券内訳,PARTIAL,PARTIAL_OFFICIAL,MEDIUM,https://www.pref.shiga.lg.jp/kensei/gaiyou/soshiki/kaikeikanrikyoku/kaikeika/,会計課が基金等資金の管理・運用を所管することを確認。R7の債券残高・国債残高・利回り等の比較可能な実績は未確認。
滋賀県,2025,yield,運用利回り,PARTIAL,PARTIAL_OFFICIAL,HIGH,https://www.pref.shiga.lg.jp/kensei/gaiyou/soshiki/kaikeikanrikyoku/kaikeika/,会計課が基金等資金の管理・運用を所管することを確認。R7の債券残高・国債残高・利回り等の比較可能な実績は未確認。
滋賀県,2025,income,運用収入,NOT_COMPARABLE,PARTIAL_OFFICIAL,HIGH,https://www.pref.shiga.lg.jp/kensei/gaiyou/soshiki/kaikeikanrikyoku/kaikeika/,会計課が基金等資金の管理・運用を所管することを確認。R7の債券残高・国債残高・利回り等の比較可能な実績は未確認。
滋賀県,2025,maturity,年限・平均残存年数,NOT_COMPARABLE,PARTIAL_OFFICIAL,HIGH,https://www.pref.shiga.lg.jp/kensei/gaiyou/soshiki/kaikeikanrikyoku/kaikeika/,会計課が基金等資金の管理・運用を所管することを確認。R7の債券残高・国債残高・利回り等の比較可能な実績は未確認。
滋賀県,2025,maturity_structure,満期構成・ラダー,NOT_COMPARABLE,PARTIAL_OFFICIAL,MEDIUM,https://www.pref.shiga.lg.jp/kensei/gaiyou/soshiki/kaikeikanrikyoku/kaikeika/,会計課が基金等資金の管理・運用を所管することを確認。R7の債券残高・国債残高・利回り等の比較可能な実績は未確認。
滋賀県,2025,investment_policy,運用方針,AVAILABLE,PARTIAL_OFFICIAL,MEDIUM,https://www.pref.shiga.lg.jp/kensei/gaiyou/soshiki/kaikeikanrikyoku/kaikeika/,会計課が基金等資金の管理・運用を所管することを確認。R7の債券残高・国債残高・利回り等の比較可能な実績は未確認。
滋賀県,2025,risk_policy,リスク管理方針,AVAILABLE,PARTIAL_OFFICIAL,MEDIUM,https://www.pref.shiga.lg.jp/kensei/gaiyou/soshiki/kaikeikanrikyoku/kaikeika/,会計課が基金等資金の管理・運用を所管することを確認。R7の債券残高・国債残高・利回り等の比較可能な実績は未確認。
滋賀県,2026,fund_balance,基金残高/平均基金残高,PARTIAL,PARTIAL_OFFICIAL,HIGH,https://www.pref.shiga.lg.jp/ka00/9122.html,R8基金ポートフォリオの比較可能数値は未確認。
滋賀県,2026,securities_balance,有価証券・債券残高,NOT_COMPARABLE,PARTIAL_OFFICIAL,HIGH,https://www.pref.shiga.lg.jp/ka00/9122.html,R8基金ポートフォリオの比較可能数値は未確認。
滋賀県,2026,government_bond_balance,国債残高,NOT_COMPARABLE,PARTIAL_OFFICIAL,HIGH,https://www.pref.shiga.lg.jp/ka00/9122.html,R8基金ポートフォリオの比較可能数値は未確認。
滋賀県,2026,bond_breakdown,債券内訳,NOT_COMPARABLE,PARTIAL_OFFICIAL,MEDIUM,https://www.pref.shiga.lg.jp/ka00/9122.html,R8基金ポートフォリオの比較可能数値は未確認。
滋賀県,2026,yield,運用利回り,NOT_COMPARABLE,PARTIAL_OFFICIAL,HIGH,https://www.pref.shiga.lg.jp/ka00/9122.html,R8基金ポートフォリオの比較可能数値は未確認。
滋賀県,2026,income,運用収入,NOT_COMPARABLE,PARTIAL_OFFICIAL,HIGH,https://www.pref.shiga.lg.jp/ka00/9122.html,R8基金ポートフォリオの比較可能数値は未確認。
滋賀県,2026,maturity,年限・平均残存年数,NOT_COMPARABLE,PARTIAL_OFFICIAL,HIGH,https://www.pref.shiga.lg.jp/ka00/9122.html,R8基金ポートフォリオの比較可能数値は未確認。
滋賀県,2026,maturity_structure,満期構成・ラダー,NOT_COMPARABLE,PARTIAL_OFFICIAL,MEDIUM,https://www.pref.shiga.lg.jp/ka00/9122.html,R8基金ポートフォリオの比較可能数値は未確認。
滋賀県,2026,investment_policy,運用方針,NOT_COMPARABLE,PARTIAL_OFFICIAL,MEDIUM,https://www.pref.shiga.lg.jp/ka00/9122.html,R8基金ポートフォリオの比較可能数値は未確認。
滋賀県,2026,risk_policy,リスク管理方針,AVAILABLE,PARTIAL_OFFICIAL,MEDIUM,https://www.pref.shiga.lg.jp/ka00/9122.html,R8基金ポートフォリオの比較可能数値は未確認。
京都府,2025,fund_balance,基金残高/平均基金残高,PARTIAL,PARTIAL_OFFICIAL,HIGH,https://www.pref.kyoto.jp/kessan/07kessan.html,R7基金残高資料は公表済みだが、基金全体の預金・債券別運用実績・利回りの専用比較表は本調査で未確認。
京都府,2025,securities_balance,有価証券・債券残高,PARTIAL,PARTIAL_OFFICIAL,HIGH,https://www.pref.kyoto.jp/kessan/07kessan.html,R7基金残高資料は公表済みだが、基金全体の預金・債券別運用実績・利回りの専用比較表は本調査で未確認。
京都府,2025,government_bond_balance,国債残高,NOT_COMPARABLE,PARTIAL_OFFICIAL,HIGH,https://www.pref.kyoto.jp/kessan/07kessan.html,R7基金残高資料は公表済みだが、基金全体の預金・債券別運用実績・利回りの専用比較表は本調査で未確認。
京都府,2025,bond_breakdown,債券内訳,NOT_COMPARABLE,PARTIAL_OFFICIAL,MEDIUM,https://www.pref.kyoto.jp/kessan/07kessan.html,R7基金残高資料は公表済みだが、基金全体の預金・債券別運用実績・利回りの専用比較表は本調査で未確認。
京都府,2025,yield,運用利回り,PARTIAL,PARTIAL_OFFICIAL,HIGH,https://www.pref.kyoto.jp/kessan/07kessan.html,R7基金残高資料は公表済みだが、基金全体の預金・債券別運用実績・利回りの専用比較表は本調査で未確認。
京都府,2025,income,運用収入,NOT_COMPARABLE,PARTIAL_OFFICIAL,HIGH,https://www.pref.kyoto.jp/kessan/07kessan.html,R7基金残高資料は公表済みだが、基金全体の預金・債券別運用実績・利回りの専用比較表は本調査で未確認。
京都府,2025,maturity,年限・平均残存年数,NOT_COMPARABLE,PARTIAL_OFFICIAL,HIGH,https://www.pref.kyoto.jp/kessan/07kessan.html,R7基金残高資料は公表済みだが、基金全体の預金・債券別運用実績・利回りの専用比較表は本調査で未確認。
京都府,2025,maturity_structure,満期構成・ラダー,NOT_COMPARABLE,PARTIAL_OFFICIAL,MEDIUM,https://www.pref.kyoto.jp/kessan/07kessan.html,R7基金残高資料は公表済みだが、基金全体の預金・債券別運用実績・利回りの専用比較表は本調査で未確認。
京都府,2025,investment_policy,運用方針,NOT_COMPARABLE,PARTIAL_OFFICIAL,MEDIUM,https://www.pref.kyoto.jp/kessan/07kessan.html,R7基金残高資料は公表済みだが、基金全体の預金・債券別運用実績・利回りの専用比較表は本調査で未確認。
京都府,2025,risk_policy,リスク管理方針,NOT_COMPARABLE,PARTIAL_OFFICIAL,MEDIUM,https://www.pref.kyoto.jp/kessan/07kessan.html,R7基金残高資料は公表済みだが、基金全体の預金・債券別運用実績・利回りの専用比較表は本調査で未確認。
京都府,2026,fund_balance,基金残高/平均基金残高,SEARCHED_NOT_FOUND,SEARCHED_NOT_FOUND,HIGH,https://www.pref.kyoto.jp/kessan/07kessan.html,R8年度途中の基金運用ポートフォリオ数値を確認できず。
京都府,2026,securities_balance,有価証券・債券残高,SEARCHED_NOT_FOUND,SEARCHED_NOT_FOUND,HIGH,https://www.pref.kyoto.jp/kessan/07kessan.html,R8年度途中の基金運用ポートフォリオ数値を確認できず。
京都府,2026,government_bond_balance,国債残高,SEARCHED_NOT_FOUND,SEARCHED_NOT_FOUND,HIGH,https://www.pref.kyoto.jp/kessan/07kessan.html,R8年度途中の基金運用ポートフォリオ数値を確認できず。
京都府,2026,bond_breakdown,債券内訳,SEARCHED_NOT_FOUND,SEARCHED_NOT_FOUND,MEDIUM,https://www.pref.kyoto.jp/kessan/07kessan.html,R8年度途中の基金運用ポートフォリオ数値を確認できず。
京都府,2026,yield,運用利回り,SEARCHED_NOT_FOUND,SEARCHED_NOT_FOUND,HIGH,https://www.pref.kyoto.jp/kessan/07kessan.html,R8年度途中の基金運用ポートフォリオ数値を確認できず。
京都府,2026,income,運用収入,SEARCHED_NOT_FOUND,SEARCHED_NOT_FOUND,HIGH,https://www.pref.kyoto.jp/kessan/07kessan.html,R8年度途中の基金運用ポートフォリオ数値を確認できず。
京都府,2026,maturity,年限・平均残存年数,SEARCHED_NOT_FOUND,SEARCHED_NOT_FOUND,HIGH,https://www.pref.kyoto.jp/kessan/07kessan.html,R8年度途中の基金運用ポートフォリオ数値を確認できず。
京都府,2026,maturity_structure,満期構成・ラダー,SEARCHED_NOT_FOUND,SEARCHED_NOT_FOUND,MEDIUM,https://www.pref.kyoto.jp/kessan/07kessan.html,R8年度途中の基金運用ポートフォリオ数値を確認できず。
京都府,2026,investment_policy,運用方針,SEARCHED_NOT_FOUND,SEARCHED_NOT_FOUND,MEDIUM,https://www.pref.kyoto.jp/kessan/07kessan.html,R8年度途中の基金運用ポートフォリオ数値を確認できず。
京都府,2026,risk_policy,リスク管理方針,SEARCHED_NOT_FOUND,SEARCHED_NOT_FOUND,MEDIUM,https://www.pref.kyoto.jp/kessan/07kessan.html,R8年度途中の基金運用ポートフォリオ数値を確認できず。
大阪府,2025,fund_balance,基金残高/平均基金残高,AVAILABLE,NUMERIC_OFFICIAL_FORECAST,HIGH,https://www.pref.osaka.lg.jp/documents/126891/shiryo7.pdf,"R7見込み。全体平均運用8,923億、長期運用2,906億、全体利回り0.442%、長期利回り0.739%。基金のみの分母ではないため愛媛県基金との直接比較には注意。"
大阪府,2025,securities_balance,有価証券・債券残高,AVAILABLE,NUMERIC_OFFICIAL_FORECAST,HIGH,https://www.pref.osaka.lg.jp/documents/126891/shiryo7.pdf,"R7見込み。全体平均運用8,923億、長期運用2,906億、全体利回り0.442%、長期利回り0.739%。基金のみの分母ではないため愛媛県基金との直接比較には注意。"
大阪府,2025,government_bond_balance,国債残高,NOT_COMPARABLE,NUMERIC_OFFICIAL_FORECAST,HIGH,https://www.pref.osaka.lg.jp/documents/126891/shiryo7.pdf,"R7見込み。全体平均運用8,923億、長期運用2,906億、全体利回り0.442%、長期利回り0.739%。基金のみの分母ではないため愛媛県基金との直接比較には注意。"
大阪府,2025,bond_breakdown,債券内訳,NOT_COMPARABLE,NUMERIC_OFFICIAL_FORECAST,MEDIUM,https://www.pref.osaka.lg.jp/documents/126891/shiryo7.pdf,"R7見込み。全体平均運用8,923億、長期運用2,906億、全体利回り0.442%、長期利回り0.739%。基金のみの分母ではないため愛媛県基金との直接比較には注意。"
大阪府,2025,yield,運用利回り,AVAILABLE,NUMERIC_OFFICIAL_FORECAST,HIGH,https://www.pref.osaka.lg.jp/documents/126891/shiryo7.pdf,"R7見込み。全体平均運用8,923億、長期運用2,906億、全体利回り0.442%、長期利回り0.739%。基金のみの分母ではないため愛媛県基金との直接比較には注意。"
大阪府,2025,income,運用収入,AVAILABLE,NUMERIC_OFFICIAL_FORECAST,HIGH,https://www.pref.osaka.lg.jp/documents/126891/shiryo7.pdf,"R7見込み。全体平均運用8,923億、長期運用2,906億、全体利回り0.442%、長期利回り0.739%。基金のみの分母ではないため愛媛県基金との直接比較には注意。"
大阪府,2025,maturity,年限・平均残存年数,PARTIAL,NUMERIC_OFFICIAL_FORECAST,HIGH,https://www.pref.osaka.lg.jp/documents/126891/shiryo7.pdf,"R7見込み。全体平均運用8,923億、長期運用2,906億、全体利回り0.442%、長期利回り0.739%。基金のみの分母ではないため愛媛県基金との直接比較には注意。"
大阪府,2025,maturity_structure,満期構成・ラダー,PARTIAL,NUMERIC_OFFICIAL_FORECAST,MEDIUM,https://www.pref.osaka.lg.jp/documents/126891/shiryo7.pdf,"R7見込み。全体平均運用8,923億、長期運用2,906億、全体利回り0.442%、長期利回り0.739%。基金のみの分母ではないため愛媛県基金との直接比較には注意。"
大阪府,2025,investment_policy,運用方針,NOT_COMPARABLE,NUMERIC_OFFICIAL_FORECAST,MEDIUM,https://www.pref.osaka.lg.jp/documents/126891/shiryo7.pdf,"R7見込み。全体平均運用8,923億、長期運用2,906億、全体利回り0.442%、長期利回り0.739%。基金のみの分母ではないため愛媛県基金との直接比較には注意。"
大阪府,2025,risk_policy,リスク管理方針,AVAILABLE,NUMERIC_OFFICIAL_FORECAST,MEDIUM,https://www.pref.osaka.lg.jp/documents/126891/shiryo7.pdf,"R7見込み。全体平均運用8,923億、長期運用2,906億、全体利回り0.442%、長期利回り0.739%。基金のみの分母ではないため愛媛県基金との直接比較には注意。"
大阪府,2026,fund_balance,基金残高/平均基金残高,NOT_COMPARABLE,PARTIAL_OFFICIAL,HIGH,https://www.pref.osaka.lg.jp/o050010/zaisei/oosakafuzaimumanezim/zaimane25.html,長期運用計画・商品・年限管理まで公開。R8実績ではなく計画。
大阪府,2026,securities_balance,有価証券・債券残高,NOT_COMPARABLE,PARTIAL_OFFICIAL,HIGH,https://www.pref.osaka.lg.jp/o050010/zaisei/oosakafuzaimumanezim/zaimane25.html,長期運用計画・商品・年限管理まで公開。R8実績ではなく計画。
大阪府,2026,government_bond_balance,国債残高,NOT_COMPARABLE,PARTIAL_OFFICIAL,HIGH,https://www.pref.osaka.lg.jp/o050010/zaisei/oosakafuzaimumanezim/zaimane25.html,長期運用計画・商品・年限管理まで公開。R8実績ではなく計画。
大阪府,2026,bond_breakdown,債券内訳,PARTIAL,PARTIAL_OFFICIAL,MEDIUM,https://www.pref.osaka.lg.jp/o050010/zaisei/oosakafuzaimumanezim/zaimane25.html,長期運用計画・商品・年限管理まで公開。R8実績ではなく計画。
大阪府,2026,yield,運用利回り,NOT_COMPARABLE,PARTIAL_OFFICIAL,HIGH,https://www.pref.osaka.lg.jp/o050010/zaisei/oosakafuzaimumanezim/zaimane25.html,長期運用計画・商品・年限管理まで公開。R8実績ではなく計画。
大阪府,2026,income,運用収入,NOT_COMPARABLE,PARTIAL_OFFICIAL,HIGH,https://www.pref.osaka.lg.jp/o050010/zaisei/oosakafuzaimumanezim/zaimane25.html,長期運用計画・商品・年限管理まで公開。R8実績ではなく計画。
大阪府,2026,maturity,年限・平均残存年数,PARTIAL,PARTIAL_OFFICIAL,HIGH,https://www.pref.osaka.lg.jp/o050010/zaisei/oosakafuzaimumanezim/zaimane25.html,長期運用計画・商品・年限管理まで公開。R8実績ではなく計画。
大阪府,2026,maturity_structure,満期構成・ラダー,PARTIAL,PARTIAL_OFFICIAL,MEDIUM,https://www.pref.osaka.lg.jp/o050010/zaisei/oosakafuzaimumanezim/zaimane25.html,長期運用計画・商品・年限管理まで公開。R8実績ではなく計画。
大阪府,2026,investment_policy,運用方針,AVAILABLE,PARTIAL_OFFICIAL,MEDIUM,https://www.pref.osaka.lg.jp/o050010/zaisei/oosakafuzaimumanezim/zaimane25.html,長期運用計画・商品・年限管理まで公開。R8実績ではなく計画。
大阪府,2026,risk_policy,リスク管理方針,AVAILABLE,PARTIAL_OFFICIAL,MEDIUM,https://www.pref.osaka.lg.jp/o050010/zaisei/oosakafuzaimumanezim/zaimane25.html,長期運用計画・商品・年限管理まで公開。R8実績ではなく計画。
兵庫県,2025,fund_balance,基金残高/平均基金残高,AVAILABLE,NUMERIC_OFFICIAL,HIGH,https://web.pref.hyogo.lg.jp/kk21/documents/r8keikaku2.pdf,運用実績・債券年限・新規購入銘柄を詳細公表。ただし資料の集計対象は基金のみではなく県資金管理全体を含むためスコープ調整が必要。
兵庫県,2025,securities_balance,有価証券・債券残高,AVAILABLE,NUMERIC_OFFICIAL,HIGH,https://web.pref.hyogo.lg.jp/kk21/documents/r8keikaku2.pdf,運用実績・債券年限・新規購入銘柄を詳細公表。ただし資料の集計対象は基金のみではなく県資金管理全体を含むためスコープ調整が必要。
兵庫県,2025,government_bond_balance,国債残高,NOT_COMPARABLE,NUMERIC_OFFICIAL,HIGH,https://web.pref.hyogo.lg.jp/kk21/documents/r8keikaku2.pdf,運用実績・債券年限・新規購入銘柄を詳細公表。ただし資料の集計対象は基金のみではなく県資金管理全体を含むためスコープ調整が必要。
兵庫県,2025,bond_breakdown,債券内訳,NOT_COMPARABLE,NUMERIC_OFFICIAL,MEDIUM,https://web.pref.hyogo.lg.jp/kk21/documents/r8keikaku2.pdf,運用実績・債券年限・新規購入銘柄を詳細公表。ただし資料の集計対象は基金のみではなく県資金管理全体を含むためスコープ調整が必要。
兵庫県,2025,yield,運用利回り,AVAILABLE,NUMERIC_OFFICIAL,HIGH,https://web.pref.hyogo.lg.jp/kk21/documents/r8keikaku2.pdf,運用実績・債券年限・新規購入銘柄を詳細公表。ただし資料の集計対象は基金のみではなく県資金管理全体を含むためスコープ調整が必要。
兵庫県,2025,income,運用収入,NOT_COMPARABLE,NUMERIC_OFFICIAL,HIGH,https://web.pref.hyogo.lg.jp/kk21/documents/r8keikaku2.pdf,運用実績・債券年限・新規購入銘柄を詳細公表。ただし資料の集計対象は基金のみではなく県資金管理全体を含むためスコープ調整が必要。
兵庫県,2025,maturity,年限・平均残存年数,AVAILABLE,NUMERIC_OFFICIAL,HIGH,https://web.pref.hyogo.lg.jp/kk21/documents/r8keikaku2.pdf,運用実績・債券年限・新規購入銘柄を詳細公表。ただし資料の集計対象は基金のみではなく県資金管理全体を含むためスコープ調整が必要。
兵庫県,2025,maturity_structure,満期構成・ラダー,PARTIAL,NUMERIC_OFFICIAL,MEDIUM,https://web.pref.hyogo.lg.jp/kk21/documents/r8keikaku2.pdf,運用実績・債券年限・新規購入銘柄を詳細公表。ただし資料の集計対象は基金のみではなく県資金管理全体を含むためスコープ調整が必要。
兵庫県,2025,investment_policy,運用方針,NOT_COMPARABLE,NUMERIC_OFFICIAL,MEDIUM,https://web.pref.hyogo.lg.jp/kk21/documents/r8keikaku2.pdf,運用実績・債券年限・新規購入銘柄を詳細公表。ただし資料の集計対象は基金のみではなく県資金管理全体を含むためスコープ調整が必要。
兵庫県,2025,risk_policy,リスク管理方針,AVAILABLE,NUMERIC_OFFICIAL,MEDIUM,https://web.pref.hyogo.lg.jp/kk21/documents/r8keikaku2.pdf,運用実績・債券年限・新規購入銘柄を詳細公表。ただし資料の集計対象は基金のみではなく県資金管理全体を含むためスコープ調整が必要。
兵庫県,2026,fund_balance,基金残高/平均基金残高,NOT_COMPARABLE,NUMERIC_OFFICIAL_PLAN,HIGH,https://web.pref.hyogo.lg.jp/kk21/documents/r8keikaku2.pdf,資金管理委員会、運用指針、年度計画、新規債券購入の年限まで公開。R8数値は計画扱い。
兵庫県,2026,securities_balance,有価証券・債券残高,PARTIAL,NUMERIC_OFFICIAL_PLAN,HIGH,https://web.pref.hyogo.lg.jp/kk21/documents/r8keikaku2.pdf,資金管理委員会、運用指針、年度計画、新規債券購入の年限まで公開。R8数値は計画扱い。
兵庫県,2026,government_bond_balance,国債残高,NOT_COMPARABLE,NUMERIC_OFFICIAL_PLAN,HIGH,https://web.pref.hyogo.lg.jp/kk21/documents/r8keikaku2.pdf,資金管理委員会、運用指針、年度計画、新規債券購入の年限まで公開。R8数値は計画扱い。
兵庫県,2026,bond_breakdown,債券内訳,NOT_COMPARABLE,NUMERIC_OFFICIAL_PLAN,MEDIUM,https://web.pref.hyogo.lg.jp/kk21/documents/r8keikaku2.pdf,資金管理委員会、運用指針、年度計画、新規債券購入の年限まで公開。R8数値は計画扱い。
兵庫県,2026,yield,運用利回り,NOT_COMPARABLE,NUMERIC_OFFICIAL_PLAN,HIGH,https://web.pref.hyogo.lg.jp/kk21/documents/r8keikaku2.pdf,資金管理委員会、運用指針、年度計画、新規債券購入の年限まで公開。R8数値は計画扱い。
兵庫県,2026,income,運用収入,NOT_COMPARABLE,NUMERIC_OFFICIAL_PLAN,HIGH,https://web.pref.hyogo.lg.jp/kk21/documents/r8keikaku2.pdf,資金管理委員会、運用指針、年度計画、新規債券購入の年限まで公開。R8数値は計画扱い。
兵庫県,2026,maturity,年限・平均残存年数,PARTIAL,NUMERIC_OFFICIAL_PLAN,HIGH,https://web.pref.hyogo.lg.jp/kk21/documents/r8keikaku2.pdf,資金管理委員会、運用指針、年度計画、新規債券購入の年限まで公開。R8数値は計画扱い。
兵庫県,2026,maturity_structure,満期構成・ラダー,PARTIAL,NUMERIC_OFFICIAL_PLAN,MEDIUM,https://web.pref.hyogo.lg.jp/kk21/documents/r8keikaku2.pdf,資金管理委員会、運用指針、年度計画、新規債券購入の年限まで公開。R8数値は計画扱い。
兵庫県,2026,investment_policy,運用方針,AVAILABLE,NUMERIC_OFFICIAL_PLAN,MEDIUM,https://web.pref.hyogo.lg.jp/kk21/documents/r8keikaku2.pdf,資金管理委員会、運用指針、年度計画、新規債券購入の年限まで公開。R8数値は計画扱い。
兵庫県,2026,risk_policy,リスク管理方針,AVAILABLE,NUMERIC_OFFICIAL_PLAN,MEDIUM,https://web.pref.hyogo.lg.jp/kk21/documents/r8keikaku2.pdf,資金管理委員会、運用指針、年度計画、新規債券購入の年限まで公開。R8数値は計画扱い。
奈良県,2025,fund_balance,基金残高/平均基金残高,SEARCHED_NOT_FOUND,SEARCHED_NOT_FOUND,HIGH,,R7基金全体の債券残高・利回り等を比較可能な公表資料を確認できず。
奈良県,2025,securities_balance,有価証券・債券残高,SEARCHED_NOT_FOUND,SEARCHED_NOT_FOUND,HIGH,,R7基金全体の債券残高・利回り等を比較可能な公表資料を確認できず。
奈良県,2025,government_bond_balance,国債残高,SEARCHED_NOT_FOUND,SEARCHED_NOT_FOUND,HIGH,,R7基金全体の債券残高・利回り等を比較可能な公表資料を確認できず。
奈良県,2025,bond_breakdown,債券内訳,SEARCHED_NOT_FOUND,SEARCHED_NOT_FOUND,MEDIUM,,R7基金全体の債券残高・利回り等を比較可能な公表資料を確認できず。
奈良県,2025,yield,運用利回り,SEARCHED_NOT_FOUND,SEARCHED_NOT_FOUND,HIGH,,R7基金全体の債券残高・利回り等を比較可能な公表資料を確認できず。
奈良県,2025,income,運用収入,SEARCHED_NOT_FOUND,SEARCHED_NOT_FOUND,HIGH,,R7基金全体の債券残高・利回り等を比較可能な公表資料を確認できず。
奈良県,2025,maturity,年限・平均残存年数,SEARCHED_NOT_FOUND,SEARCHED_NOT_FOUND,HIGH,,R7基金全体の債券残高・利回り等を比較可能な公表資料を確認できず。
奈良県,2025,maturity_structure,満期構成・ラダー,SEARCHED_NOT_FOUND,SEARCHED_NOT_FOUND,MEDIUM,,R7基金全体の債券残高・利回り等を比較可能な公表資料を確認できず。
奈良県,2025,investment_policy,運用方針,SEARCHED_NOT_FOUND,SEARCHED_NOT_FOUND,MEDIUM,,R7基金全体の債券残高・利回り等を比較可能な公表資料を確認できず。
奈良県,2025,risk_policy,リスク管理方針,SEARCHED_NOT_FOUND,SEARCHED_NOT_FOUND,MEDIUM,,R7基金全体の債券残高・利回り等を比較可能な公表資料を確認できず。
奈良県,2026,fund_balance,基金残高/平均基金残高,SEARCHED_NOT_FOUND,SEARCHED_NOT_FOUND,HIGH,,R8年度途中の比較可能数値を確認できず。
奈良県,2026,securities_balance,有価証券・債券残高,SEARCHED_NOT_FOUND,SEARCHED_NOT_FOUND,HIGH,,R8年度途中の比較可能数値を確認できず。
奈良県,2026,government_bond_balance,国債残高,SEARCHED_NOT_FOUND,SEARCHED_NOT_FOUND,HIGH,,R8年度途中の比較可能数値を確認できず。
奈良県,2026,bond_breakdown,債券内訳,SEARCHED_NOT_FOUND,SEARCHED_NOT_FOUND,MEDIUM,,R8年度途中の比較可能数値を確認できず。
奈良県,2026,yield,運用利回り,SEARCHED_NOT_FOUND,SEARCHED_NOT_FOUND,HIGH,,R8年度途中の比較可能数値を確認できず。
奈良県,2026,income,運用収入,SEARCHED_NOT_FOUND,SEARCHED_NOT_FOUND,HIGH,,R8年度途中の比較可能数値を確認できず。
奈良県,2026,maturity,年限・平均残存年数,SEARCHED_NOT_FOUND,SEARCHED_NOT_FOUND,HIGH,,R8年度途中の比較可能数値を確認できず。
奈良県,2026,maturity_structure,満期構成・ラダー,SEARCHED_NOT_FOUND,SEARCHED_NOT_FOUND,MEDIUM,,R8年度途中の比較可能数値を確認できず。
奈良県,2026,investment_policy,運用方針,SEARCHED_NOT_FOUND,SEARCHED_NOT_FOUND,MEDIUM,,R8年度途中の比較可能数値を確認できず。
奈良県,2026,risk_policy,リスク管理方針,SEARCHED_NOT_FOUND,SEARCHED_NOT_FOUND,MEDIUM,,R8年度途中の比較可能数値を確認できず。
和歌山県,2025,fund_balance,基金残高/平均基金残高,PARTIAL,PARTIAL_OFFICIAL,HIGH,https://www.pref.wakayama.lg.jp/gijiroku/d00221553.html,基金は基本的に預貯金で運用し、県債管理基金の一部は他自治体地方債等で債券運用する旨を公式答弁で確認。R7の残高・利回り等は未確認。
和歌山県,2025,securities_balance,有価証券・債券残高,PARTIAL,PARTIAL_OFFICIAL,HIGH,https://www.pref.wakayama.lg.jp/gijiroku/d00221553.html,基金は基本的に預貯金で運用し、県債管理基金の一部は他自治体地方債等で債券運用する旨を公式答弁で確認。R7の残高・利回り等は未確認。
和歌山県,2025,government_bond_balance,国債残高,NOT_COMPARABLE,PARTIAL_OFFICIAL,HIGH,https://www.pref.wakayama.lg.jp/gijiroku/d00221553.html,基金は基本的に預貯金で運用し、県債管理基金の一部は他自治体地方債等で債券運用する旨を公式答弁で確認。R7の残高・利回り等は未確認。
和歌山県,2025,bond_breakdown,債券内訳,PARTIAL,PARTIAL_OFFICIAL,MEDIUM,https://www.pref.wakayama.lg.jp/gijiroku/d00221553.html,基金は基本的に預貯金で運用し、県債管理基金の一部は他自治体地方債等で債券運用する旨を公式答弁で確認。R7の残高・利回り等は未確認。
和歌山県,2025,yield,運用利回り,PARTIAL,PARTIAL_OFFICIAL,HIGH,https://www.pref.wakayama.lg.jp/gijiroku/d00221553.html,基金は基本的に預貯金で運用し、県債管理基金の一部は他自治体地方債等で債券運用する旨を公式答弁で確認。R7の残高・利回り等は未確認。
和歌山県,2025,income,運用収入,NOT_COMPARABLE,PARTIAL_OFFICIAL,HIGH,https://www.pref.wakayama.lg.jp/gijiroku/d00221553.html,基金は基本的に預貯金で運用し、県債管理基金の一部は他自治体地方債等で債券運用する旨を公式答弁で確認。R7の残高・利回り等は未確認。
和歌山県,2025,maturity,年限・平均残存年数,NOT_COMPARABLE,PARTIAL_OFFICIAL,HIGH,https://www.pref.wakayama.lg.jp/gijiroku/d00221553.html,基金は基本的に預貯金で運用し、県債管理基金の一部は他自治体地方債等で債券運用する旨を公式答弁で確認。R7の残高・利回り等は未確認。
和歌山県,2025,maturity_structure,満期構成・ラダー,NOT_COMPARABLE,PARTIAL_OFFICIAL,MEDIUM,https://www.pref.wakayama.lg.jp/gijiroku/d00221553.html,基金は基本的に預貯金で運用し、県債管理基金の一部は他自治体地方債等で債券運用する旨を公式答弁で確認。R7の残高・利回り等は未確認。
和歌山県,2025,investment_policy,運用方針,AVAILABLE,PARTIAL_OFFICIAL,MEDIUM,https://www.pref.wakayama.lg.jp/gijiroku/d00221553.html,基金は基本的に預貯金で運用し、県債管理基金の一部は他自治体地方債等で債券運用する旨を公式答弁で確認。R7の残高・利回り等は未確認。
和歌山県,2025,risk_policy,リスク管理方針,AVAILABLE,PARTIAL_OFFICIAL,MEDIUM,https://www.pref.wakayama.lg.jp/gijiroku/d00221553.html,基金は基本的に預貯金で運用し、県債管理基金の一部は他自治体地方債等で債券運用する旨を公式答弁で確認。R7の残高・利回り等は未確認。
和歌山県,2026,fund_balance,基金残高/平均基金残高,PARTIAL,PARTIAL_OFFICIAL,HIGH,https://www.pref.wakayama.lg.jp/prefg/010400/d00156229.html,R8財政状況資料は公表されているが、基金の債券残高・国債残高・利回り等の比較可能な運用実績は確認できず。
和歌山県,2026,securities_balance,有価証券・債券残高,PARTIAL,PARTIAL_OFFICIAL,HIGH,https://www.pref.wakayama.lg.jp/prefg/010400/d00156229.html,R8財政状況資料は公表されているが、基金の債券残高・国債残高・利回り等の比較可能な運用実績は確認できず。
和歌山県,2026,government_bond_balance,国債残高,PARTIAL,PARTIAL_OFFICIAL,HIGH,https://www.pref.wakayama.lg.jp/prefg/010400/d00156229.html,R8財政状況資料は公表されているが、基金の債券残高・国債残高・利回り等の比較可能な運用実績は確認できず。
和歌山県,2026,bond_breakdown,債券内訳,PARTIAL,PARTIAL_OFFICIAL,MEDIUM,https://www.pref.wakayama.lg.jp/prefg/010400/d00156229.html,R8財政状況資料は公表されているが、基金の債券残高・国債残高・利回り等の比較可能な運用実績は確認できず。
和歌山県,2026,yield,運用利回り,PARTIAL,PARTIAL_OFFICIAL,HIGH,https://www.pref.wakayama.lg.jp/prefg/010400/d00156229.html,R8財政状況資料は公表されているが、基金の債券残高・国債残高・利回り等の比較可能な運用実績は確認できず。
和歌山県,2026,income,運用収入,NOT_COMPARABLE,PARTIAL_OFFICIAL,HIGH,https://www.pref.wakayama.lg.jp/prefg/010400/d00156229.html,R8財政状況資料は公表されているが、基金の債券残高・国債残高・利回り等の比較可能な運用実績は確認できず。
和歌山県,2026,maturity,年限・平均残存年数,NOT_COMPARABLE,PARTIAL_OFFICIAL,HIGH,https://www.pref.wakayama.lg.jp/prefg/010400/d00156229.html,R8財政状況資料は公表されているが、基金の債券残高・国債残高・利回り等の比較可能な運用実績は確認できず。
和歌山県,2026,maturity_structure,満期構成・ラダー,NOT_COMPARABLE,PARTIAL_OFFICIAL,MEDIUM,https://www.pref.wakayama.lg.jp/prefg/010400/d00156229.html,R8財政状況資料は公表されているが、基金の債券残高・国債残高・利回り等の比較可能な運用実績は確認できず。
和歌山県,2026,investment_policy,運用方針,AVAILABLE,PARTIAL_OFFICIAL,MEDIUM,https://www.pref.wakayama.lg.jp/prefg/010400/d00156229.html,R8財政状況資料は公表されているが、基金の債券残高・国債残高・利回り等の比較可能な運用実績は確認できず。
和歌山県,2026,risk_policy,リスク管理方針,AVAILABLE,PARTIAL_OFFICIAL,MEDIUM,https://www.pref.wakayama.lg.jp/prefg/010400/d00156229.html,R8財政状況資料は公表されているが、基金の債券残高・国債残高・利回り等の比較可能な運用実績は確認できず。
鳥取県,2025,fund_balance,基金残高/平均基金残高,AVAILABLE,NUMERIC_OFFICIAL,HIGH,https://www.pref.tottori.lg.jp/258342.htm,年度末基金総額・預金・有価証券、預金/債券の平均残高・利息・利回りまで比較可能。国債単独残高は分離なし。
鳥取県,2025,securities_balance,有価証券・債券残高,AVAILABLE,NUMERIC_OFFICIAL,HIGH,https://www.pref.tottori.lg.jp/258342.htm,年度末基金総額・預金・有価証券、預金/債券の平均残高・利息・利回りまで比較可能。国債単独残高は分離なし。
鳥取県,2025,government_bond_balance,国債残高,PARTIAL,NUMERIC_OFFICIAL,HIGH,https://www.pref.tottori.lg.jp/258342.htm,年度末基金総額・預金・有価証券、預金/債券の平均残高・利息・利回りまで比較可能。国債単独残高は分離なし。
鳥取県,2025,bond_breakdown,債券内訳,PARTIAL,NUMERIC_OFFICIAL,MEDIUM,https://www.pref.tottori.lg.jp/258342.htm,年度末基金総額・預金・有価証券、預金/債券の平均残高・利息・利回りまで比較可能。国債単独残高は分離なし。
鳥取県,2025,yield,運用利回り,AVAILABLE,NUMERIC_OFFICIAL,HIGH,https://www.pref.tottori.lg.jp/258342.htm,年度末基金総額・預金・有価証券、預金/債券の平均残高・利息・利回りまで比較可能。国債単独残高は分離なし。
鳥取県,2025,income,運用収入,AVAILABLE,NUMERIC_OFFICIAL,HIGH,https://www.pref.tottori.lg.jp/258342.htm,年度末基金総額・預金・有価証券、預金/債券の平均残高・利息・利回りまで比較可能。国債単独残高は分離なし。
鳥取県,2025,maturity,年限・平均残存年数,NOT_COMPARABLE,NUMERIC_OFFICIAL,HIGH,https://www.pref.tottori.lg.jp/258342.htm,年度末基金総額・預金・有価証券、預金/債券の平均残高・利息・利回りまで比較可能。国債単独残高は分離なし。
鳥取県,2025,maturity_structure,満期構成・ラダー,NOT_COMPARABLE,NUMERIC_OFFICIAL,MEDIUM,https://www.pref.tottori.lg.jp/258342.htm,年度末基金総額・預金・有価証券、預金/債券の平均残高・利息・利回りまで比較可能。国債単独残高は分離なし。
鳥取県,2025,investment_policy,運用方針,NOT_COMPARABLE,NUMERIC_OFFICIAL,MEDIUM,https://www.pref.tottori.lg.jp/258342.htm,年度末基金総額・預金・有価証券、預金/債券の平均残高・利息・利回りまで比較可能。国債単独残高は分離なし。
鳥取県,2025,risk_policy,リスク管理方針,AVAILABLE,NUMERIC_OFFICIAL,MEDIUM,https://www.pref.tottori.lg.jp/258342.htm,年度末基金総額・預金・有価証券、預金/債券の平均残高・利息・利回りまで比較可能。国債単独残高は分離なし。
鳥取県,2026,fund_balance,基金残高/平均基金残高,PARTIAL,PARTIAL_OFFICIAL,HIGH,https://www.pref.tottori.lg.jp/258339.htm,基金は銀行預金、有価証券（国債・政府保証債・地方債）を基本。R8途中数値は未確認。
鳥取県,2026,securities_balance,有価証券・債券残高,PARTIAL,PARTIAL_OFFICIAL,HIGH,https://www.pref.tottori.lg.jp/258339.htm,基金は銀行預金、有価証券（国債・政府保証債・地方債）を基本。R8途中数値は未確認。
鳥取県,2026,government_bond_balance,国債残高,PARTIAL,PARTIAL_OFFICIAL,HIGH,https://www.pref.tottori.lg.jp/258339.htm,基金は銀行預金、有価証券（国債・政府保証債・地方債）を基本。R8途中数値は未確認。
鳥取県,2026,bond_breakdown,債券内訳,PARTIAL,PARTIAL_OFFICIAL,MEDIUM,https://www.pref.tottori.lg.jp/258339.htm,基金は銀行預金、有価証券（国債・政府保証債・地方債）を基本。R8途中数値は未確認。
鳥取県,2026,yield,運用利回り,NOT_COMPARABLE,PARTIAL_OFFICIAL,HIGH,https://www.pref.tottori.lg.jp/258339.htm,基金は銀行預金、有価証券（国債・政府保証債・地方債）を基本。R8途中数値は未確認。
鳥取県,2026,income,運用収入,NOT_COMPARABLE,PARTIAL_OFFICIAL,HIGH,https://www.pref.tottori.lg.jp/258339.htm,基金は銀行預金、有価証券（国債・政府保証債・地方債）を基本。R8途中数値は未確認。
鳥取県,2026,maturity,年限・平均残存年数,NOT_COMPARABLE,PARTIAL_OFFICIAL,HIGH,https://www.pref.tottori.lg.jp/258339.htm,基金は銀行預金、有価証券（国債・政府保証債・地方債）を基本。R8途中数値は未確認。
鳥取県,2026,maturity_structure,満期構成・ラダー,NOT_COMPARABLE,PARTIAL_OFFICIAL,MEDIUM,https://www.pref.tottori.lg.jp/258339.htm,基金は銀行預金、有価証券（国債・政府保証債・地方債）を基本。R8途中数値は未確認。
鳥取県,2026,investment_policy,運用方針,AVAILABLE,PARTIAL_OFFICIAL,MEDIUM,https://www.pref.tottori.lg.jp/258339.htm,基金は銀行預金、有価証券（国債・政府保証債・地方債）を基本。R8途中数値は未確認。
鳥取県,2026,risk_policy,リスク管理方針,AVAILABLE,PARTIAL_OFFICIAL,MEDIUM,https://www.pref.tottori.lg.jp/258339.htm,基金は銀行預金、有価証券（国債・政府保証債・地方債）を基本。R8途中数値は未確認。
島根県,2025,fund_balance,基金残高/平均基金残高,SEARCHED_NOT_FOUND,SEARCHED_NOT_FOUND,HIGH,,R7基金全体の国債・債券残高、利回りの比較可能な公表実績を確認できず。
島根県,2025,securities_balance,有価証券・債券残高,SEARCHED_NOT_FOUND,SEARCHED_NOT_FOUND,HIGH,,R7基金全体の国債・債券残高、利回りの比較可能な公表実績を確認できず。
島根県,2025,government_bond_balance,国債残高,SEARCHED_NOT_FOUND,SEARCHED_NOT_FOUND,HIGH,,R7基金全体の国債・債券残高、利回りの比較可能な公表実績を確認できず。
島根県,2025,bond_breakdown,債券内訳,SEARCHED_NOT_FOUND,SEARCHED_NOT_FOUND,MEDIUM,,R7基金全体の国債・債券残高、利回りの比較可能な公表実績を確認できず。
島根県,2025,yield,運用利回り,SEARCHED_NOT_FOUND,SEARCHED_NOT_FOUND,HIGH,,R7基金全体の国債・債券残高、利回りの比較可能な公表実績を確認できず。
島根県,2025,income,運用収入,SEARCHED_NOT_FOUND,SEARCHED_NOT_FOUND,HIGH,,R7基金全体の国債・債券残高、利回りの比較可能な公表実績を確認できず。
島根県,2025,maturity,年限・平均残存年数,SEARCHED_NOT_FOUND,SEARCHED_NOT_FOUND,HIGH,,R7基金全体の国債・債券残高、利回りの比較可能な公表実績を確認できず。
島根県,2025,maturity_structure,満期構成・ラダー,SEARCHED_NOT_FOUND,SEARCHED_NOT_FOUND,MEDIUM,,R7基金全体の国債・債券残高、利回りの比較可能な公表実績を確認できず。
島根県,2025,investment_policy,運用方針,SEARCHED_NOT_FOUND,SEARCHED_NOT_FOUND,MEDIUM,,R7基金全体の国債・債券残高、利回りの比較可能な公表実績を確認できず。
島根県,2025,risk_policy,リスク管理方針,SEARCHED_NOT_FOUND,SEARCHED_NOT_FOUND,MEDIUM,,R7基金全体の国債・債券残高、利回りの比較可能な公表実績を確認できず。
島根県,2026,fund_balance,基金残高/平均基金残高,PARTIAL,PARTIAL_OFFICIAL,HIGH,https://www.pref.shimane.lg.jp/admin/syokuin/bosyu/bosyu_somu/kaikei_saiyoushiken_issei.data/jukenannai_0801.pdf,R8に国債等の購入・管理業務が明示され、運用体制強化の証拠。ただしポートフォリオ数値は未確認。
島根県,2026,securities_balance,有価証券・債券残高,NOT_COMPARABLE,PARTIAL_OFFICIAL,HIGH,https://www.pref.shimane.lg.jp/admin/syokuin/bosyu/bosyu_somu/kaikei_saiyoushiken_issei.data/jukenannai_0801.pdf,R8に国債等の購入・管理業務が明示され、運用体制強化の証拠。ただしポートフォリオ数値は未確認。
島根県,2026,government_bond_balance,国債残高,PARTIAL,PARTIAL_OFFICIAL,HIGH,https://www.pref.shimane.lg.jp/admin/syokuin/bosyu/bosyu_somu/kaikei_saiyoushiken_issei.data/jukenannai_0801.pdf,R8に国債等の購入・管理業務が明示され、運用体制強化の証拠。ただしポートフォリオ数値は未確認。
島根県,2026,bond_breakdown,債券内訳,PARTIAL,PARTIAL_OFFICIAL,MEDIUM,https://www.pref.shimane.lg.jp/admin/syokuin/bosyu/bosyu_somu/kaikei_saiyoushiken_issei.data/jukenannai_0801.pdf,R8に国債等の購入・管理業務が明示され、運用体制強化の証拠。ただしポートフォリオ数値は未確認。
島根県,2026,yield,運用利回り,NOT_COMPARABLE,PARTIAL_OFFICIAL,HIGH,https://www.pref.shimane.lg.jp/admin/syokuin/bosyu/bosyu_somu/kaikei_saiyoushiken_issei.data/jukenannai_0801.pdf,R8に国債等の購入・管理業務が明示され、運用体制強化の証拠。ただしポートフォリオ数値は未確認。
島根県,2026,income,運用収入,NOT_COMPARABLE,PARTIAL_OFFICIAL,HIGH,https://www.pref.shimane.lg.jp/admin/syokuin/bosyu/bosyu_somu/kaikei_saiyoushiken_issei.data/jukenannai_0801.pdf,R8に国債等の購入・管理業務が明示され、運用体制強化の証拠。ただしポートフォリオ数値は未確認。
島根県,2026,maturity,年限・平均残存年数,NOT_COMPARABLE,PARTIAL_OFFICIAL,HIGH,https://www.pref.shimane.lg.jp/admin/syokuin/bosyu/bosyu_somu/kaikei_saiyoushiken_issei.data/jukenannai_0801.pdf,R8に国債等の購入・管理業務が明示され、運用体制強化の証拠。ただしポートフォリオ数値は未確認。
島根県,2026,maturity_structure,満期構成・ラダー,NOT_COMPARABLE,PARTIAL_OFFICIAL,MEDIUM,https://www.pref.shimane.lg.jp/admin/syokuin/bosyu/bosyu_somu/kaikei_saiyoushiken_issei.data/jukenannai_0801.pdf,R8に国債等の購入・管理業務が明示され、運用体制強化の証拠。ただしポートフォリオ数値は未確認。
島根県,2026,investment_policy,運用方針,AVAILABLE,PARTIAL_OFFICIAL,MEDIUM,https://www.pref.shimane.lg.jp/admin/syokuin/bosyu/bosyu_somu/kaikei_saiyoushiken_issei.data/jukenannai_0801.pdf,R8に国債等の購入・管理業務が明示され、運用体制強化の証拠。ただしポートフォリオ数値は未確認。
島根県,2026,risk_policy,リスク管理方針,NOT_COMPARABLE,PARTIAL_OFFICIAL,MEDIUM,https://www.pref.shimane.lg.jp/admin/syokuin/bosyu/bosyu_somu/kaikei_saiyoushiken_issei.data/jukenannai_0801.pdf,R8に国債等の購入・管理業務が明示され、運用体制強化の証拠。ただしポートフォリオ数値は未確認。
岡山県,2025,fund_balance,基金残高/平均基金残高,AVAILABLE,NUMERIC_OFFICIAL_FORECAST,HIGH,https://www.pref.okayama.jp/uploaded/life/1052449_10196574_misc.pdf,R7年度末基金残高見込は公表。運用資産の現預金・債券内訳、国債残高、利回りは当該資料では確認できず。
岡山県,2025,securities_balance,有価証券・債券残高,PARTIAL,NUMERIC_OFFICIAL_FORECAST,HIGH,https://www.pref.okayama.jp/uploaded/life/1052449_10196574_misc.pdf,R7年度末基金残高見込は公表。運用資産の現預金・債券内訳、国債残高、利回りは当該資料では確認できず。
岡山県,2025,government_bond_balance,国債残高,PARTIAL,NUMERIC_OFFICIAL_FORECAST,HIGH,https://www.pref.okayama.jp/uploaded/life/1052449_10196574_misc.pdf,R7年度末基金残高見込は公表。運用資産の現預金・債券内訳、国債残高、利回りは当該資料では確認できず。
岡山県,2025,bond_breakdown,債券内訳,PARTIAL,NUMERIC_OFFICIAL_FORECAST,MEDIUM,https://www.pref.okayama.jp/uploaded/life/1052449_10196574_misc.pdf,R7年度末基金残高見込は公表。運用資産の現預金・債券内訳、国債残高、利回りは当該資料では確認できず。
岡山県,2025,yield,運用利回り,PARTIAL,NUMERIC_OFFICIAL_FORECAST,HIGH,https://www.pref.okayama.jp/uploaded/life/1052449_10196574_misc.pdf,R7年度末基金残高見込は公表。運用資産の現預金・債券内訳、国債残高、利回りは当該資料では確認できず。
岡山県,2025,income,運用収入,NOT_COMPARABLE,NUMERIC_OFFICIAL_FORECAST,HIGH,https://www.pref.okayama.jp/uploaded/life/1052449_10196574_misc.pdf,R7年度末基金残高見込は公表。運用資産の現預金・債券内訳、国債残高、利回りは当該資料では確認できず。
岡山県,2025,maturity,年限・平均残存年数,PARTIAL,NUMERIC_OFFICIAL_FORECAST,HIGH,https://www.pref.okayama.jp/uploaded/life/1052449_10196574_misc.pdf,R7年度末基金残高見込は公表。運用資産の現預金・債券内訳、国債残高、利回りは当該資料では確認できず。
岡山県,2025,maturity_structure,満期構成・ラダー,NOT_COMPARABLE,NUMERIC_OFFICIAL_FORECAST,MEDIUM,https://www.pref.okayama.jp/uploaded/life/1052449_10196574_misc.pdf,R7年度末基金残高見込は公表。運用資産の現預金・債券内訳、国債残高、利回りは当該資料では確認できず。
岡山県,2025,investment_policy,運用方針,NOT_COMPARABLE,NUMERIC_OFFICIAL_FORECAST,MEDIUM,https://www.pref.okayama.jp/uploaded/life/1052449_10196574_misc.pdf,R7年度末基金残高見込は公表。運用資産の現預金・債券内訳、国債残高、利回りは当該資料では確認できず。
岡山県,2025,risk_policy,リスク管理方針,AVAILABLE,NUMERIC_OFFICIAL_FORECAST,MEDIUM,https://www.pref.okayama.jp/uploaded/life/1052449_10196574_misc.pdf,R7年度末基金残高見込は公表。運用資産の現預金・債券内訳、国債残高、利回りは当該資料では確認できず。
岡山県,2026,fund_balance,基金残高/平均基金残高,PARTIAL,PARTIAL_OFFICIAL,HIGH,https://www.pref.okayama.jp/uploaded/life/771490_9281663_misc.pdf,R8比較可能数値は未確認。
岡山県,2026,securities_balance,有価証券・債券残高,PARTIAL,PARTIAL_OFFICIAL,HIGH,https://www.pref.okayama.jp/uploaded/life/771490_9281663_misc.pdf,R8比較可能数値は未確認。
岡山県,2026,government_bond_balance,国債残高,NOT_COMPARABLE,PARTIAL_OFFICIAL,HIGH,https://www.pref.okayama.jp/uploaded/life/771490_9281663_misc.pdf,R8比較可能数値は未確認。
岡山県,2026,bond_breakdown,債券内訳,NOT_COMPARABLE,PARTIAL_OFFICIAL,MEDIUM,https://www.pref.okayama.jp/uploaded/life/771490_9281663_misc.pdf,R8比較可能数値は未確認。
岡山県,2026,yield,運用利回り,NOT_COMPARABLE,PARTIAL_OFFICIAL,HIGH,https://www.pref.okayama.jp/uploaded/life/771490_9281663_misc.pdf,R8比較可能数値は未確認。
岡山県,2026,income,運用収入,NOT_COMPARABLE,PARTIAL_OFFICIAL,HIGH,https://www.pref.okayama.jp/uploaded/life/771490_9281663_misc.pdf,R8比較可能数値は未確認。
岡山県,2026,maturity,年限・平均残存年数,PARTIAL,PARTIAL_OFFICIAL,HIGH,https://www.pref.okayama.jp/uploaded/life/771490_9281663_misc.pdf,R8比較可能数値は未確認。
岡山県,2026,maturity_structure,満期構成・ラダー,PARTIAL,PARTIAL_OFFICIAL,MEDIUM,https://www.pref.okayama.jp/uploaded/life/771490_9281663_misc.pdf,R8比較可能数値は未確認。
岡山県,2026,investment_policy,運用方針,AVAILABLE,PARTIAL_OFFICIAL,MEDIUM,https://www.pref.okayama.jp/uploaded/life/771490_9281663_misc.pdf,R8比較可能数値は未確認。
岡山県,2026,risk_policy,リスク管理方針,AVAILABLE,PARTIAL_OFFICIAL,MEDIUM,https://www.pref.okayama.jp/uploaded/life/771490_9281663_misc.pdf,R8比較可能数値は未確認。
広島県,2025,fund_balance,基金残高/平均基金残高,PARTIAL,PARTIAL_OFFICIAL,HIGH,https://www.pref.hiroshima.lg.jp/site/zaiseiyosann/zaiseijoukyou080529.html,R7決算関係資料は確認したが、基金全体の債券・国債残高、利回りを横断比較できる運用実績表は未確認。
広島県,2025,securities_balance,有価証券・債券残高,PARTIAL,PARTIAL_OFFICIAL,HIGH,https://www.pref.hiroshima.lg.jp/site/zaiseiyosann/zaiseijoukyou080529.html,R7決算関係資料は確認したが、基金全体の債券・国債残高、利回りを横断比較できる運用実績表は未確認。
広島県,2025,government_bond_balance,国債残高,PARTIAL,PARTIAL_OFFICIAL,HIGH,https://www.pref.hiroshima.lg.jp/site/zaiseiyosann/zaiseijoukyou080529.html,R7決算関係資料は確認したが、基金全体の債券・国債残高、利回りを横断比較できる運用実績表は未確認。
広島県,2025,bond_breakdown,債券内訳,PARTIAL,PARTIAL_OFFICIAL,MEDIUM,https://www.pref.hiroshima.lg.jp/site/zaiseiyosann/zaiseijoukyou080529.html,R7決算関係資料は確認したが、基金全体の債券・国債残高、利回りを横断比較できる運用実績表は未確認。
広島県,2025,yield,運用利回り,PARTIAL,PARTIAL_OFFICIAL,HIGH,https://www.pref.hiroshima.lg.jp/site/zaiseiyosann/zaiseijoukyou080529.html,R7決算関係資料は確認したが、基金全体の債券・国債残高、利回りを横断比較できる運用実績表は未確認。
広島県,2025,income,運用収入,NOT_COMPARABLE,PARTIAL_OFFICIAL,HIGH,https://www.pref.hiroshima.lg.jp/site/zaiseiyosann/zaiseijoukyou080529.html,R7決算関係資料は確認したが、基金全体の債券・国債残高、利回りを横断比較できる運用実績表は未確認。
広島県,2025,maturity,年限・平均残存年数,NOT_COMPARABLE,PARTIAL_OFFICIAL,HIGH,https://www.pref.hiroshima.lg.jp/site/zaiseiyosann/zaiseijoukyou080529.html,R7決算関係資料は確認したが、基金全体の債券・国債残高、利回りを横断比較できる運用実績表は未確認。
広島県,2025,maturity_structure,満期構成・ラダー,NOT_COMPARABLE,PARTIAL_OFFICIAL,MEDIUM,https://www.pref.hiroshima.lg.jp/site/zaiseiyosann/zaiseijoukyou080529.html,R7決算関係資料は確認したが、基金全体の債券・国債残高、利回りを横断比較できる運用実績表は未確認。
広島県,2025,investment_policy,運用方針,NOT_COMPARABLE,PARTIAL_OFFICIAL,MEDIUM,https://www.pref.hiroshima.lg.jp/site/zaiseiyosann/zaiseijoukyou080529.html,R7決算関係資料は確認したが、基金全体の債券・国債残高、利回りを横断比較できる運用実績表は未確認。
広島県,2025,risk_policy,リスク管理方針,NOT_COMPARABLE,PARTIAL_OFFICIAL,MEDIUM,https://www.pref.hiroshima.lg.jp/site/zaiseiyosann/zaiseijoukyou080529.html,R7決算関係資料は確認したが、基金全体の債券・国債残高、利回りを横断比較できる運用実績表は未確認。
広島県,2026,fund_balance,基金残高/平均基金残高,SEARCHED_NOT_FOUND,SEARCHED_NOT_FOUND,HIGH,https://www.pref.hiroshima.lg.jp/site/zaiseiyosann/zaiseijoukyou080529.html,R8年度途中の基金運用比較数値を確認できず。
広島県,2026,securities_balance,有価証券・債券残高,SEARCHED_NOT_FOUND,SEARCHED_NOT_FOUND,HIGH,https://www.pref.hiroshima.lg.jp/site/zaiseiyosann/zaiseijoukyou080529.html,R8年度途中の基金運用比較数値を確認できず。
広島県,2026,government_bond_balance,国債残高,SEARCHED_NOT_FOUND,SEARCHED_NOT_FOUND,HIGH,https://www.pref.hiroshima.lg.jp/site/zaiseiyosann/zaiseijoukyou080529.html,R8年度途中の基金運用比較数値を確認できず。
広島県,2026,bond_breakdown,債券内訳,SEARCHED_NOT_FOUND,SEARCHED_NOT_FOUND,MEDIUM,https://www.pref.hiroshima.lg.jp/site/zaiseiyosann/zaiseijoukyou080529.html,R8年度途中の基金運用比較数値を確認できず。
広島県,2026,yield,運用利回り,SEARCHED_NOT_FOUND,SEARCHED_NOT_FOUND,HIGH,https://www.pref.hiroshima.lg.jp/site/zaiseiyosann/zaiseijoukyou080529.html,R8年度途中の基金運用比較数値を確認できず。
広島県,2026,income,運用収入,SEARCHED_NOT_FOUND,SEARCHED_NOT_FOUND,HIGH,https://www.pref.hiroshima.lg.jp/site/zaiseiyosann/zaiseijoukyou080529.html,R8年度途中の基金運用比較数値を確認できず。
広島県,2026,maturity,年限・平均残存年数,SEARCHED_NOT_FOUND,SEARCHED_NOT_FOUND,HIGH,https://www.pref.hiroshima.lg.jp/site/zaiseiyosann/zaiseijoukyou080529.html,R8年度途中の基金運用比較数値を確認できず。
広島県,2026,maturity_structure,満期構成・ラダー,SEARCHED_NOT_FOUND,SEARCHED_NOT_FOUND,MEDIUM,https://www.pref.hiroshima.lg.jp/site/zaiseiyosann/zaiseijoukyou080529.html,R8年度途中の基金運用比較数値を確認できず。
広島県,2026,investment_policy,運用方針,SEARCHED_NOT_FOUND,SEARCHED_NOT_FOUND,MEDIUM,https://www.pref.hiroshima.lg.jp/site/zaiseiyosann/zaiseijoukyou080529.html,R8年度途中の基金運用比較数値を確認できず。
広島県,2026,risk_policy,リスク管理方針,SEARCHED_NOT_FOUND,SEARCHED_NOT_FOUND,MEDIUM,https://www.pref.hiroshima.lg.jp/site/zaiseiyosann/zaiseijoukyou080529.html,R8年度途中の基金運用比較数値を確認できず。
山口県,2025,fund_balance,基金残高/平均基金残高,SEARCHED_NOT_FOUND,SEARCHED_NOT_FOUND,HIGH,,R7基金全体の公金運用ポートフォリオ・利回りを確認できず。
山口県,2025,securities_balance,有価証券・債券残高,SEARCHED_NOT_FOUND,SEARCHED_NOT_FOUND,HIGH,,R7基金全体の公金運用ポートフォリオ・利回りを確認できず。
山口県,2025,government_bond_balance,国債残高,SEARCHED_NOT_FOUND,SEARCHED_NOT_FOUND,HIGH,,R7基金全体の公金運用ポートフォリオ・利回りを確認できず。
山口県,2025,bond_breakdown,債券内訳,SEARCHED_NOT_FOUND,SEARCHED_NOT_FOUND,MEDIUM,,R7基金全体の公金運用ポートフォリオ・利回りを確認できず。
山口県,2025,yield,運用利回り,SEARCHED_NOT_FOUND,SEARCHED_NOT_FOUND,HIGH,,R7基金全体の公金運用ポートフォリオ・利回りを確認できず。
山口県,2025,income,運用収入,SEARCHED_NOT_FOUND,SEARCHED_NOT_FOUND,HIGH,,R7基金全体の公金運用ポートフォリオ・利回りを確認できず。
山口県,2025,maturity,年限・平均残存年数,SEARCHED_NOT_FOUND,SEARCHED_NOT_FOUND,HIGH,,R7基金全体の公金運用ポートフォリオ・利回りを確認できず。
山口県,2025,maturity_structure,満期構成・ラダー,SEARCHED_NOT_FOUND,SEARCHED_NOT_FOUND,MEDIUM,,R7基金全体の公金運用ポートフォリオ・利回りを確認できず。
山口県,2025,investment_policy,運用方針,SEARCHED_NOT_FOUND,SEARCHED_NOT_FOUND,MEDIUM,,R7基金全体の公金運用ポートフォリオ・利回りを確認できず。
山口県,2025,risk_policy,リスク管理方針,SEARCHED_NOT_FOUND,SEARCHED_NOT_FOUND,MEDIUM,,R7基金全体の公金運用ポートフォリオ・利回りを確認できず。
山口県,2026,fund_balance,基金残高/平均基金残高,SEARCHED_NOT_FOUND,SEARCHED_NOT_FOUND,HIGH,,R8比較可能数値を確認できず。
山口県,2026,securities_balance,有価証券・債券残高,SEARCHED_NOT_FOUND,SEARCHED_NOT_FOUND,HIGH,,R8比較可能数値を確認できず。
山口県,2026,government_bond_balance,国債残高,SEARCHED_NOT_FOUND,SEARCHED_NOT_FOUND,HIGH,,R8比較可能数値を確認できず。
山口県,2026,bond_breakdown,債券内訳,SEARCHED_NOT_FOUND,SEARCHED_NOT_FOUND,MEDIUM,,R8比較可能数値を確認できず。
山口県,2026,yield,運用利回り,SEARCHED_NOT_FOUND,SEARCHED_NOT_FOUND,HIGH,,R8比較可能数値を確認できず。
山口県,2026,income,運用収入,SEARCHED_NOT_FOUND,SEARCHED_NOT_FOUND,HIGH,,R8比較可能数値を確認できず。
山口県,2026,maturity,年限・平均残存年数,SEARCHED_NOT_FOUND,SEARCHED_NOT_FOUND,HIGH,,R8比較可能数値を確認できず。
山口県,2026,maturity_structure,満期構成・ラダー,SEARCHED_NOT_FOUND,SEARCHED_NOT_FOUND,MEDIUM,,R8比較可能数値を確認できず。
山口県,2026,investment_policy,運用方針,SEARCHED_NOT_FOUND,SEARCHED_NOT_FOUND,MEDIUM,,R8比較可能数値を確認できず。
山口県,2026,risk_policy,リスク管理方針,SEARCHED_NOT_FOUND,SEARCHED_NOT_FOUND,MEDIUM,,R8比較可能数値を確認できず。
徳島県,2025,fund_balance,基金残高/平均基金残高,PARTIAL,PARTIAL_OFFICIAL,HIGH,https://www.pref.tokushima.lg.jp/file/attachment/993807.pdf,債券運用拡大を政策目標として明記。R7基金全体の債券残高・利回り実績は未確認。
徳島県,2025,securities_balance,有価証券・債券残高,PARTIAL,PARTIAL_OFFICIAL,HIGH,https://www.pref.tokushima.lg.jp/file/attachment/993807.pdf,債券運用拡大を政策目標として明記。R7基金全体の債券残高・利回り実績は未確認。
徳島県,2025,government_bond_balance,国債残高,NOT_COMPARABLE,PARTIAL_OFFICIAL,HIGH,https://www.pref.tokushima.lg.jp/file/attachment/993807.pdf,債券運用拡大を政策目標として明記。R7基金全体の債券残高・利回り実績は未確認。
徳島県,2025,bond_breakdown,債券内訳,NOT_COMPARABLE,PARTIAL_OFFICIAL,MEDIUM,https://www.pref.tokushima.lg.jp/file/attachment/993807.pdf,債券運用拡大を政策目標として明記。R7基金全体の債券残高・利回り実績は未確認。
徳島県,2025,yield,運用利回り,PARTIAL,PARTIAL_OFFICIAL,HIGH,https://www.pref.tokushima.lg.jp/file/attachment/993807.pdf,債券運用拡大を政策目標として明記。R7基金全体の債券残高・利回り実績は未確認。
徳島県,2025,income,運用収入,NOT_COMPARABLE,PARTIAL_OFFICIAL,HIGH,https://www.pref.tokushima.lg.jp/file/attachment/993807.pdf,債券運用拡大を政策目標として明記。R7基金全体の債券残高・利回り実績は未確認。
徳島県,2025,maturity,年限・平均残存年数,NOT_COMPARABLE,PARTIAL_OFFICIAL,HIGH,https://www.pref.tokushima.lg.jp/file/attachment/993807.pdf,債券運用拡大を政策目標として明記。R7基金全体の債券残高・利回り実績は未確認。
徳島県,2025,maturity_structure,満期構成・ラダー,NOT_COMPARABLE,PARTIAL_OFFICIAL,MEDIUM,https://www.pref.tokushima.lg.jp/file/attachment/993807.pdf,債券運用拡大を政策目標として明記。R7基金全体の債券残高・利回り実績は未確認。
徳島県,2025,investment_policy,運用方針,AVAILABLE,PARTIAL_OFFICIAL,MEDIUM,https://www.pref.tokushima.lg.jp/file/attachment/993807.pdf,債券運用拡大を政策目標として明記。R7基金全体の債券残高・利回り実績は未確認。
徳島県,2025,risk_policy,リスク管理方針,AVAILABLE,PARTIAL_OFFICIAL,MEDIUM,https://www.pref.tokushima.lg.jp/file/attachment/993807.pdf,債券運用拡大を政策目標として明記。R7基金全体の債券残高・利回り実績は未確認。
徳島県,2026,fund_balance,基金残高/平均基金残高,PARTIAL,PARTIAL_OFFICIAL,HIGH,https://www.pref.tokushima.lg.jp/file/attachment/993807.pdf,方針は明確だがR8実績数値は未確認。
徳島県,2026,securities_balance,有価証券・債券残高,PARTIAL,PARTIAL_OFFICIAL,HIGH,https://www.pref.tokushima.lg.jp/file/attachment/993807.pdf,方針は明確だがR8実績数値は未確認。
徳島県,2026,government_bond_balance,国債残高,NOT_COMPARABLE,PARTIAL_OFFICIAL,HIGH,https://www.pref.tokushima.lg.jp/file/attachment/993807.pdf,方針は明確だがR8実績数値は未確認。
徳島県,2026,bond_breakdown,債券内訳,NOT_COMPARABLE,PARTIAL_OFFICIAL,MEDIUM,https://www.pref.tokushima.lg.jp/file/attachment/993807.pdf,方針は明確だがR8実績数値は未確認。
徳島県,2026,yield,運用利回り,NOT_COMPARABLE,PARTIAL_OFFICIAL,HIGH,https://www.pref.tokushima.lg.jp/file/attachment/993807.pdf,方針は明確だがR8実績数値は未確認。
徳島県,2026,income,運用収入,NOT_COMPARABLE,PARTIAL_OFFICIAL,HIGH,https://www.pref.tokushima.lg.jp/file/attachment/993807.pdf,方針は明確だがR8実績数値は未確認。
徳島県,2026,maturity,年限・平均残存年数,NOT_COMPARABLE,PARTIAL_OFFICIAL,HIGH,https://www.pref.tokushima.lg.jp/file/attachment/993807.pdf,方針は明確だがR8実績数値は未確認。
徳島県,2026,maturity_structure,満期構成・ラダー,NOT_COMPARABLE,PARTIAL_OFFICIAL,MEDIUM,https://www.pref.tokushima.lg.jp/file/attachment/993807.pdf,方針は明確だがR8実績数値は未確認。
徳島県,2026,investment_policy,運用方針,AVAILABLE,PARTIAL_OFFICIAL,MEDIUM,https://www.pref.tokushima.lg.jp/file/attachment/993807.pdf,方針は明確だがR8実績数値は未確認。
徳島県,2026,risk_policy,リスク管理方針,AVAILABLE,PARTIAL_OFFICIAL,MEDIUM,https://www.pref.tokushima.lg.jp/file/attachment/993807.pdf,方針は明確だがR8実績数値は未確認。
香川県,2025,fund_balance,基金残高/平均基金残高,PARTIAL,PARTIAL_OFFICIAL,HIGH,https://www.pref.kagawa.lg.jp/kansai/kessan/kessan.html,調査時点の一覧ではR6までの審査意見書掲載を確認。R7基金全体の資産構成・利回りの公表を確認できず。
香川県,2025,securities_balance,有価証券・債券残高,NOT_COMPARABLE,PARTIAL_OFFICIAL,HIGH,https://www.pref.kagawa.lg.jp/kansai/kessan/kessan.html,調査時点の一覧ではR6までの審査意見書掲載を確認。R7基金全体の資産構成・利回りの公表を確認できず。
香川県,2025,government_bond_balance,国債残高,NOT_COMPARABLE,PARTIAL_OFFICIAL,HIGH,https://www.pref.kagawa.lg.jp/kansai/kessan/kessan.html,調査時点の一覧ではR6までの審査意見書掲載を確認。R7基金全体の資産構成・利回りの公表を確認できず。
香川県,2025,bond_breakdown,債券内訳,NOT_COMPARABLE,PARTIAL_OFFICIAL,MEDIUM,https://www.pref.kagawa.lg.jp/kansai/kessan/kessan.html,調査時点の一覧ではR6までの審査意見書掲載を確認。R7基金全体の資産構成・利回りの公表を確認できず。
香川県,2025,yield,運用利回り,PARTIAL,PARTIAL_OFFICIAL,HIGH,https://www.pref.kagawa.lg.jp/kansai/kessan/kessan.html,調査時点の一覧ではR6までの審査意見書掲載を確認。R7基金全体の資産構成・利回りの公表を確認できず。
香川県,2025,income,運用収入,NOT_COMPARABLE,PARTIAL_OFFICIAL,HIGH,https://www.pref.kagawa.lg.jp/kansai/kessan/kessan.html,調査時点の一覧ではR6までの審査意見書掲載を確認。R7基金全体の資産構成・利回りの公表を確認できず。
香川県,2025,maturity,年限・平均残存年数,NOT_COMPARABLE,PARTIAL_OFFICIAL,HIGH,https://www.pref.kagawa.lg.jp/kansai/kessan/kessan.html,調査時点の一覧ではR6までの審査意見書掲載を確認。R7基金全体の資産構成・利回りの公表を確認できず。
香川県,2025,maturity_structure,満期構成・ラダー,NOT_COMPARABLE,PARTIAL_OFFICIAL,MEDIUM,https://www.pref.kagawa.lg.jp/kansai/kessan/kessan.html,調査時点の一覧ではR6までの審査意見書掲載を確認。R7基金全体の資産構成・利回りの公表を確認できず。
香川県,2025,investment_policy,運用方針,NOT_COMPARABLE,PARTIAL_OFFICIAL,MEDIUM,https://www.pref.kagawa.lg.jp/kansai/kessan/kessan.html,調査時点の一覧ではR6までの審査意見書掲載を確認。R7基金全体の資産構成・利回りの公表を確認できず。
香川県,2025,risk_policy,リスク管理方針,NOT_COMPARABLE,PARTIAL_OFFICIAL,MEDIUM,https://www.pref.kagawa.lg.jp/kansai/kessan/kessan.html,調査時点の一覧ではR6までの審査意見書掲載を確認。R7基金全体の資産構成・利回りの公表を確認できず。
香川県,2026,fund_balance,基金残高/平均基金残高,SEARCHED_NOT_FOUND,SEARCHED_NOT_FOUND,HIGH,https://www.pref.kagawa.lg.jp/suito/index.html,R8年度途中の比較可能数値を確認できず。
香川県,2026,securities_balance,有価証券・債券残高,SEARCHED_NOT_FOUND,SEARCHED_NOT_FOUND,HIGH,https://www.pref.kagawa.lg.jp/suito/index.html,R8年度途中の比較可能数値を確認できず。
香川県,2026,government_bond_balance,国債残高,SEARCHED_NOT_FOUND,SEARCHED_NOT_FOUND,HIGH,https://www.pref.kagawa.lg.jp/suito/index.html,R8年度途中の比較可能数値を確認できず。
香川県,2026,bond_breakdown,債券内訳,SEARCHED_NOT_FOUND,SEARCHED_NOT_FOUND,MEDIUM,https://www.pref.kagawa.lg.jp/suito/index.html,R8年度途中の比較可能数値を確認できず。
香川県,2026,yield,運用利回り,SEARCHED_NOT_FOUND,SEARCHED_NOT_FOUND,HIGH,https://www.pref.kagawa.lg.jp/suito/index.html,R8年度途中の比較可能数値を確認できず。
香川県,2026,income,運用収入,SEARCHED_NOT_FOUND,SEARCHED_NOT_FOUND,HIGH,https://www.pref.kagawa.lg.jp/suito/index.html,R8年度途中の比較可能数値を確認できず。
香川県,2026,maturity,年限・平均残存年数,SEARCHED_NOT_FOUND,SEARCHED_NOT_FOUND,HIGH,https://www.pref.kagawa.lg.jp/suito/index.html,R8年度途中の比較可能数値を確認できず。
香川県,2026,maturity_structure,満期構成・ラダー,SEARCHED_NOT_FOUND,SEARCHED_NOT_FOUND,MEDIUM,https://www.pref.kagawa.lg.jp/suito/index.html,R8年度途中の比較可能数値を確認できず。
香川県,2026,investment_policy,運用方針,SEARCHED_NOT_FOUND,SEARCHED_NOT_FOUND,MEDIUM,https://www.pref.kagawa.lg.jp/suito/index.html,R8年度途中の比較可能数値を確認できず。
香川県,2026,risk_policy,リスク管理方針,SEARCHED_NOT_FOUND,SEARCHED_NOT_FOUND,MEDIUM,https://www.pref.kagawa.lg.jp/suito/index.html,R8年度途中の比較可能数値を確認できず。
愛媛県,2025,fund_balance,基金残高/平均基金残高,SEARCHED_NOT_FOUND,SEARCHED_NOT_FOUND,HIGH,https://www.pref.ehime.jp/soshiki/113/index.html,基金・歳計現金の出納・運用所管は会計課公式ページで確認できるが、R7基金の国債残高・購入額・利回り・運用収入・年限等の全国比較可能な公表実績は再検索でも確認できず。
愛媛県,2025,securities_balance,有価証券・債券残高,SEARCHED_NOT_FOUND,SEARCHED_NOT_FOUND,HIGH,https://www.pref.ehime.jp/soshiki/113/index.html,基金・歳計現金の出納・運用所管は会計課公式ページで確認できるが、R7基金の国債残高・購入額・利回り・運用収入・年限等の全国比較可能な公表実績は再検索でも確認できず。
愛媛県,2025,government_bond_balance,国債残高,SEARCHED_NOT_FOUND,SEARCHED_NOT_FOUND,HIGH,https://www.pref.ehime.jp/soshiki/113/index.html,基金・歳計現金の出納・運用所管は会計課公式ページで確認できるが、R7基金の国債残高・購入額・利回り・運用収入・年限等の全国比較可能な公表実績は再検索でも確認できず。
愛媛県,2025,bond_breakdown,債券内訳,SEARCHED_NOT_FOUND,SEARCHED_NOT_FOUND,MEDIUM,https://www.pref.ehime.jp/soshiki/113/index.html,基金・歳計現金の出納・運用所管は会計課公式ページで確認できるが、R7基金の国債残高・購入額・利回り・運用収入・年限等の全国比較可能な公表実績は再検索でも確認できず。
愛媛県,2025,yield,運用利回り,SEARCHED_NOT_FOUND,SEARCHED_NOT_FOUND,HIGH,https://www.pref.ehime.jp/soshiki/113/index.html,基金・歳計現金の出納・運用所管は会計課公式ページで確認できるが、R7基金の国債残高・購入額・利回り・運用収入・年限等の全国比較可能な公表実績は再検索でも確認できず。
愛媛県,2025,income,運用収入,SEARCHED_NOT_FOUND,SEARCHED_NOT_FOUND,HIGH,https://www.pref.ehime.jp/soshiki/113/index.html,基金・歳計現金の出納・運用所管は会計課公式ページで確認できるが、R7基金の国債残高・購入額・利回り・運用収入・年限等の全国比較可能な公表実績は再検索でも確認できず。
愛媛県,2025,maturity,年限・平均残存年数,SEARCHED_NOT_FOUND,SEARCHED_NOT_FOUND,HIGH,https://www.pref.ehime.jp/soshiki/113/index.html,基金・歳計現金の出納・運用所管は会計課公式ページで確認できるが、R7基金の国債残高・購入額・利回り・運用収入・年限等の全国比較可能な公表実績は再検索でも確認できず。
愛媛県,2025,maturity_structure,満期構成・ラダー,SEARCHED_NOT_FOUND,SEARCHED_NOT_FOUND,MEDIUM,https://www.pref.ehime.jp/soshiki/113/index.html,基金・歳計現金の出納・運用所管は会計課公式ページで確認できるが、R7基金の国債残高・購入額・利回り・運用収入・年限等の全国比較可能な公表実績は再検索でも確認できず。
愛媛県,2025,investment_policy,運用方針,SEARCHED_NOT_FOUND,SEARCHED_NOT_FOUND,MEDIUM,https://www.pref.ehime.jp/soshiki/113/index.html,基金・歳計現金の出納・運用所管は会計課公式ページで確認できるが、R7基金の国債残高・購入額・利回り・運用収入・年限等の全国比較可能な公表実績は再検索でも確認できず。
愛媛県,2025,risk_policy,リスク管理方針,SEARCHED_NOT_FOUND,SEARCHED_NOT_FOUND,MEDIUM,https://www.pref.ehime.jp/soshiki/113/index.html,基金・歳計現金の出納・運用所管は会計課公式ページで確認できるが、R7基金の国債残高・購入額・利回り・運用収入・年限等の全国比較可能な公表実績は再検索でも確認できず。
愛媛県,2026,fund_balance,基金残高/平均基金残高,SEARCHED_NOT_FOUND,SEARCHED_NOT_FOUND,HIGH,https://www.pref.ehime.jp/soshiki/113/index.html,R8年度途中の国債残高・購入額・利回り・年限等の全国比較可能な公表実績は再検索でも確認できず。
愛媛県,2026,securities_balance,有価証券・債券残高,SEARCHED_NOT_FOUND,SEARCHED_NOT_FOUND,HIGH,https://www.pref.ehime.jp/soshiki/113/index.html,R8年度途中の国債残高・購入額・利回り・年限等の全国比較可能な公表実績は再検索でも確認できず。
愛媛県,2026,government_bond_balance,国債残高,SEARCHED_NOT_FOUND,SEARCHED_NOT_FOUND,HIGH,https://www.pref.ehime.jp/soshiki/113/index.html,R8年度途中の国債残高・購入額・利回り・年限等の全国比較可能な公表実績は再検索でも確認できず。
愛媛県,2026,bond_breakdown,債券内訳,SEARCHED_NOT_FOUND,SEARCHED_NOT_FOUND,MEDIUM,https://www.pref.ehime.jp/soshiki/113/index.html,R8年度途中の国債残高・購入額・利回り・年限等の全国比較可能な公表実績は再検索でも確認できず。
愛媛県,2026,yield,運用利回り,SEARCHED_NOT_FOUND,SEARCHED_NOT_FOUND,HIGH,https://www.pref.ehime.jp/soshiki/113/index.html,R8年度途中の国債残高・購入額・利回り・年限等の全国比較可能な公表実績は再検索でも確認できず。
愛媛県,2026,income,運用収入,SEARCHED_NOT_FOUND,SEARCHED_NOT_FOUND,HIGH,https://www.pref.ehime.jp/soshiki/113/index.html,R8年度途中の国債残高・購入額・利回り・年限等の全国比較可能な公表実績は再検索でも確認できず。
愛媛県,2026,maturity,年限・平均残存年数,SEARCHED_NOT_FOUND,SEARCHED_NOT_FOUND,HIGH,https://www.pref.ehime.jp/soshiki/113/index.html,R8年度途中の国債残高・購入額・利回り・年限等の全国比較可能な公表実績は再検索でも確認できず。
愛媛県,2026,maturity_structure,満期構成・ラダー,SEARCHED_NOT_FOUND,SEARCHED_NOT_FOUND,MEDIUM,https://www.pref.ehime.jp/soshiki/113/index.html,R8年度途中の国債残高・購入額・利回り・年限等の全国比較可能な公表実績は再検索でも確認できず。
愛媛県,2026,investment_policy,運用方針,SEARCHED_NOT_FOUND,SEARCHED_NOT_FOUND,MEDIUM,https://www.pref.ehime.jp/soshiki/113/index.html,R8年度途中の国債残高・購入額・利回り・年限等の全国比較可能な公表実績は再検索でも確認できず。
愛媛県,2026,risk_policy,リスク管理方針,SEARCHED_NOT_FOUND,SEARCHED_NOT_FOUND,MEDIUM,https://www.pref.ehime.jp/soshiki/113/index.html,R8年度途中の国債残高・購入額・利回り・年限等の全国比較可能な公表実績は再検索でも確認できず。
高知県,2025,fund_balance,基金残高/平均基金残高,PARTIAL,PARTIAL_OFFICIAL,HIGH,https://www.pref.kochi.lg.jp/doc/2025072300184/,資金管理方針、基金の預金・債券運用、ラダー型運用の考え方は公表。掲載実績はR6までで、R7実績は本調査時点で未確認。
高知県,2025,securities_balance,有価証券・債券残高,PARTIAL,PARTIAL_OFFICIAL,HIGH,https://www.pref.kochi.lg.jp/doc/2025072300184/,資金管理方針、基金の預金・債券運用、ラダー型運用の考え方は公表。掲載実績はR6までで、R7実績は本調査時点で未確認。
高知県,2025,government_bond_balance,国債残高,NOT_COMPARABLE,PARTIAL_OFFICIAL,HIGH,https://www.pref.kochi.lg.jp/doc/2025072300184/,資金管理方針、基金の預金・債券運用、ラダー型運用の考え方は公表。掲載実績はR6までで、R7実績は本調査時点で未確認。
高知県,2025,bond_breakdown,債券内訳,NOT_COMPARABLE,PARTIAL_OFFICIAL,MEDIUM,https://www.pref.kochi.lg.jp/doc/2025072300184/,資金管理方針、基金の預金・債券運用、ラダー型運用の考え方は公表。掲載実績はR6までで、R7実績は本調査時点で未確認。
高知県,2025,yield,運用利回り,NOT_COMPARABLE,PARTIAL_OFFICIAL,HIGH,https://www.pref.kochi.lg.jp/doc/2025072300184/,資金管理方針、基金の預金・債券運用、ラダー型運用の考え方は公表。掲載実績はR6までで、R7実績は本調査時点で未確認。
高知県,2025,income,運用収入,NOT_COMPARABLE,PARTIAL_OFFICIAL,HIGH,https://www.pref.kochi.lg.jp/doc/2025072300184/,資金管理方針、基金の預金・債券運用、ラダー型運用の考え方は公表。掲載実績はR6までで、R7実績は本調査時点で未確認。
高知県,2025,maturity,年限・平均残存年数,PARTIAL,PARTIAL_OFFICIAL,HIGH,https://www.pref.kochi.lg.jp/doc/2025072300184/,資金管理方針、基金の預金・債券運用、ラダー型運用の考え方は公表。掲載実績はR6までで、R7実績は本調査時点で未確認。
高知県,2025,maturity_structure,満期構成・ラダー,PARTIAL,PARTIAL_OFFICIAL,MEDIUM,https://www.pref.kochi.lg.jp/doc/2025072300184/,資金管理方針、基金の預金・債券運用、ラダー型運用の考え方は公表。掲載実績はR6までで、R7実績は本調査時点で未確認。
高知県,2025,investment_policy,運用方針,AVAILABLE,PARTIAL_OFFICIAL,MEDIUM,https://www.pref.kochi.lg.jp/doc/2025072300184/,資金管理方針、基金の預金・債券運用、ラダー型運用の考え方は公表。掲載実績はR6までで、R7実績は本調査時点で未確認。
高知県,2025,risk_policy,リスク管理方針,AVAILABLE,PARTIAL_OFFICIAL,MEDIUM,https://www.pref.kochi.lg.jp/doc/2025072300184/,資金管理方針、基金の預金・債券運用、ラダー型運用の考え方は公表。掲載実績はR6までで、R7実績は本調査時点で未確認。
高知県,2026,fund_balance,基金残高/平均基金残高,NOT_COMPARABLE,PARTIAL_OFFICIAL,HIGH,https://www.pref.kochi.lg.jp/doc/2025072300184/,資金管理方針と運用方法は公表。R8年度途中の比較可能な実績数値は未確認。
高知県,2026,securities_balance,有価証券・債券残高,NOT_COMPARABLE,PARTIAL_OFFICIAL,HIGH,https://www.pref.kochi.lg.jp/doc/2025072300184/,資金管理方針と運用方法は公表。R8年度途中の比較可能な実績数値は未確認。
高知県,2026,government_bond_balance,国債残高,NOT_COMPARABLE,PARTIAL_OFFICIAL,HIGH,https://www.pref.kochi.lg.jp/doc/2025072300184/,資金管理方針と運用方法は公表。R8年度途中の比較可能な実績数値は未確認。
高知県,2026,bond_breakdown,債券内訳,NOT_COMPARABLE,PARTIAL_OFFICIAL,MEDIUM,https://www.pref.kochi.lg.jp/doc/2025072300184/,資金管理方針と運用方法は公表。R8年度途中の比較可能な実績数値は未確認。
高知県,2026,yield,運用利回り,NOT_COMPARABLE,PARTIAL_OFFICIAL,HIGH,https://www.pref.kochi.lg.jp/doc/2025072300184/,資金管理方針と運用方法は公表。R8年度途中の比較可能な実績数値は未確認。
高知県,2026,income,運用収入,NOT_COMPARABLE,PARTIAL_OFFICIAL,HIGH,https://www.pref.kochi.lg.jp/doc/2025072300184/,資金管理方針と運用方法は公表。R8年度途中の比較可能な実績数値は未確認。
高知県,2026,maturity,年限・平均残存年数,PARTIAL,PARTIAL_OFFICIAL,HIGH,https://www.pref.kochi.lg.jp/doc/2025072300184/,資金管理方針と運用方法は公表。R8年度途中の比較可能な実績数値は未確認。
高知県,2026,maturity_structure,満期構成・ラダー,PARTIAL,PARTIAL_OFFICIAL,MEDIUM,https://www.pref.kochi.lg.jp/doc/2025072300184/,資金管理方針と運用方法は公表。R8年度途中の比較可能な実績数値は未確認。
高知県,2026,investment_policy,運用方針,AVAILABLE,PARTIAL_OFFICIAL,MEDIUM,https://www.pref.kochi.lg.jp/doc/2025072300184/,資金管理方針と運用方法は公表。R8年度途中の比較可能な実績数値は未確認。
高知県,2026,risk_policy,リスク管理方針,AVAILABLE,PARTIAL_OFFICIAL,MEDIUM,https://www.pref.kochi.lg.jp/doc/2025072300184/,資金管理方針と運用方法は公表。R8年度途中の比較可能な実績数値は未確認。
福岡県,2025,fund_balance,基金残高/平均基金残高,PARTIAL,NUMERIC_OFFICIAL_APPROX,HIGH,https://www.pref.fukuoka.lg.jp/site/chiji-kisha/teirei-kisyakaiken20260113.html,基金運用構成の概算比率は直接確認できる。R7決算「基金運用状況」PDFも公表済みだが、本調査ではPDF数値の構造化抽出まで至らず。
福岡県,2025,securities_balance,有価証券・債券残高,PARTIAL,NUMERIC_OFFICIAL_APPROX,HIGH,https://www.pref.fukuoka.lg.jp/site/chiji-kisha/teirei-kisyakaiken20260113.html,基金運用構成の概算比率は直接確認できる。R7決算「基金運用状況」PDFも公表済みだが、本調査ではPDF数値の構造化抽出まで至らず。
福岡県,2025,government_bond_balance,国債残高,NOT_COMPARABLE,NUMERIC_OFFICIAL_APPROX,HIGH,https://www.pref.fukuoka.lg.jp/site/chiji-kisha/teirei-kisyakaiken20260113.html,基金運用構成の概算比率は直接確認できる。R7決算「基金運用状況」PDFも公表済みだが、本調査ではPDF数値の構造化抽出まで至らず。
福岡県,2025,bond_breakdown,債券内訳,NOT_COMPARABLE,NUMERIC_OFFICIAL_APPROX,MEDIUM,https://www.pref.fukuoka.lg.jp/site/chiji-kisha/teirei-kisyakaiken20260113.html,基金運用構成の概算比率は直接確認できる。R7決算「基金運用状況」PDFも公表済みだが、本調査ではPDF数値の構造化抽出まで至らず。
福岡県,2025,yield,運用利回り,NOT_COMPARABLE,NUMERIC_OFFICIAL_APPROX,HIGH,https://www.pref.fukuoka.lg.jp/site/chiji-kisha/teirei-kisyakaiken20260113.html,基金運用構成の概算比率は直接確認できる。R7決算「基金運用状況」PDFも公表済みだが、本調査ではPDF数値の構造化抽出まで至らず。
福岡県,2025,income,運用収入,NOT_COMPARABLE,NUMERIC_OFFICIAL_APPROX,HIGH,https://www.pref.fukuoka.lg.jp/site/chiji-kisha/teirei-kisyakaiken20260113.html,基金運用構成の概算比率は直接確認できる。R7決算「基金運用状況」PDFも公表済みだが、本調査ではPDF数値の構造化抽出まで至らず。
福岡県,2025,maturity,年限・平均残存年数,NOT_COMPARABLE,NUMERIC_OFFICIAL_APPROX,HIGH,https://www.pref.fukuoka.lg.jp/site/chiji-kisha/teirei-kisyakaiken20260113.html,基金運用構成の概算比率は直接確認できる。R7決算「基金運用状況」PDFも公表済みだが、本調査ではPDF数値の構造化抽出まで至らず。
福岡県,2025,maturity_structure,満期構成・ラダー,NOT_COMPARABLE,NUMERIC_OFFICIAL_APPROX,MEDIUM,https://www.pref.fukuoka.lg.jp/site/chiji-kisha/teirei-kisyakaiken20260113.html,基金運用構成の概算比率は直接確認できる。R7決算「基金運用状況」PDFも公表済みだが、本調査ではPDF数値の構造化抽出まで至らず。
福岡県,2025,investment_policy,運用方針,AVAILABLE,NUMERIC_OFFICIAL_APPROX,MEDIUM,https://www.pref.fukuoka.lg.jp/site/chiji-kisha/teirei-kisyakaiken20260113.html,基金運用構成の概算比率は直接確認できる。R7決算「基金運用状況」PDFも公表済みだが、本調査ではPDF数値の構造化抽出まで至らず。
福岡県,2025,risk_policy,リスク管理方針,NOT_COMPARABLE,NUMERIC_OFFICIAL_APPROX,MEDIUM,https://www.pref.fukuoka.lg.jp/site/chiji-kisha/teirei-kisyakaiken20260113.html,基金運用構成の概算比率は直接確認できる。R7決算「基金運用状況」PDFも公表済みだが、本調査ではPDF数値の構造化抽出まで至らず。
福岡県,2026,fund_balance,基金残高/平均基金残高,PARTIAL,PARTIAL_OFFICIAL,HIGH,https://www.pref.fukuoka.lg.jp/contents/kikintumitatejyoukyou.html,R7年度基金運用状況PDFが公表済み。R8年度途中の別実績は未確認。
福岡県,2026,securities_balance,有価証券・債券残高,NOT_COMPARABLE,PARTIAL_OFFICIAL,HIGH,https://www.pref.fukuoka.lg.jp/contents/kikintumitatejyoukyou.html,R7年度基金運用状況PDFが公表済み。R8年度途中の別実績は未確認。
福岡県,2026,government_bond_balance,国債残高,NOT_COMPARABLE,PARTIAL_OFFICIAL,HIGH,https://www.pref.fukuoka.lg.jp/contents/kikintumitatejyoukyou.html,R7年度基金運用状況PDFが公表済み。R8年度途中の別実績は未確認。
福岡県,2026,bond_breakdown,債券内訳,NOT_COMPARABLE,PARTIAL_OFFICIAL,MEDIUM,https://www.pref.fukuoka.lg.jp/contents/kikintumitatejyoukyou.html,R7年度基金運用状況PDFが公表済み。R8年度途中の別実績は未確認。
福岡県,2026,yield,運用利回り,NOT_COMPARABLE,PARTIAL_OFFICIAL,HIGH,https://www.pref.fukuoka.lg.jp/contents/kikintumitatejyoukyou.html,R7年度基金運用状況PDFが公表済み。R8年度途中の別実績は未確認。
福岡県,2026,income,運用収入,NOT_COMPARABLE,PARTIAL_OFFICIAL,HIGH,https://www.pref.fukuoka.lg.jp/contents/kikintumitatejyoukyou.html,R7年度基金運用状況PDFが公表済み。R8年度途中の別実績は未確認。
福岡県,2026,maturity,年限・平均残存年数,NOT_COMPARABLE,PARTIAL_OFFICIAL,HIGH,https://www.pref.fukuoka.lg.jp/contents/kikintumitatejyoukyou.html,R7年度基金運用状況PDFが公表済み。R8年度途中の別実績は未確認。
福岡県,2026,maturity_structure,満期構成・ラダー,NOT_COMPARABLE,PARTIAL_OFFICIAL,MEDIUM,https://www.pref.fukuoka.lg.jp/contents/kikintumitatejyoukyou.html,R7年度基金運用状況PDFが公表済み。R8年度途中の別実績は未確認。
福岡県,2026,investment_policy,運用方針,AVAILABLE,PARTIAL_OFFICIAL,MEDIUM,https://www.pref.fukuoka.lg.jp/contents/kikintumitatejyoukyou.html,R7年度基金運用状況PDFが公表済み。R8年度途中の別実績は未確認。
福岡県,2026,risk_policy,リスク管理方針,NOT_COMPARABLE,PARTIAL_OFFICIAL,MEDIUM,https://www.pref.fukuoka.lg.jp/contents/kikintumitatejyoukyou.html,R7年度基金運用状況PDFが公表済み。R8年度途中の別実績は未確認。
佐賀県,2025,fund_balance,基金残高/平均基金残高,SEARCHED_NOT_FOUND,SEARCHED_NOT_FOUND,HIGH,https://www.pref.saga.lg.jp/kiji003120845/index.html,R7基金全体の債券残高・利回り等の比較可能な運用実績を確認できず。
佐賀県,2025,securities_balance,有価証券・債券残高,SEARCHED_NOT_FOUND,SEARCHED_NOT_FOUND,HIGH,https://www.pref.saga.lg.jp/kiji003120845/index.html,R7基金全体の債券残高・利回り等の比較可能な運用実績を確認できず。
佐賀県,2025,government_bond_balance,国債残高,SEARCHED_NOT_FOUND,SEARCHED_NOT_FOUND,HIGH,https://www.pref.saga.lg.jp/kiji003120845/index.html,R7基金全体の債券残高・利回り等の比較可能な運用実績を確認できず。
佐賀県,2025,bond_breakdown,債券内訳,SEARCHED_NOT_FOUND,SEARCHED_NOT_FOUND,MEDIUM,https://www.pref.saga.lg.jp/kiji003120845/index.html,R7基金全体の債券残高・利回り等の比較可能な運用実績を確認できず。
佐賀県,2025,yield,運用利回り,SEARCHED_NOT_FOUND,SEARCHED_NOT_FOUND,HIGH,https://www.pref.saga.lg.jp/kiji003120845/index.html,R7基金全体の債券残高・利回り等の比較可能な運用実績を確認できず。
佐賀県,2025,income,運用収入,SEARCHED_NOT_FOUND,SEARCHED_NOT_FOUND,HIGH,https://www.pref.saga.lg.jp/kiji003120845/index.html,R7基金全体の債券残高・利回り等の比較可能な運用実績を確認できず。
佐賀県,2025,maturity,年限・平均残存年数,SEARCHED_NOT_FOUND,SEARCHED_NOT_FOUND,HIGH,https://www.pref.saga.lg.jp/kiji003120845/index.html,R7基金全体の債券残高・利回り等の比較可能な運用実績を確認できず。
佐賀県,2025,maturity_structure,満期構成・ラダー,SEARCHED_NOT_FOUND,SEARCHED_NOT_FOUND,MEDIUM,https://www.pref.saga.lg.jp/kiji003120845/index.html,R7基金全体の債券残高・利回り等の比較可能な運用実績を確認できず。
佐賀県,2025,investment_policy,運用方針,SEARCHED_NOT_FOUND,SEARCHED_NOT_FOUND,MEDIUM,https://www.pref.saga.lg.jp/kiji003120845/index.html,R7基金全体の債券残高・利回り等の比較可能な運用実績を確認できず。
佐賀県,2025,risk_policy,リスク管理方針,SEARCHED_NOT_FOUND,SEARCHED_NOT_FOUND,MEDIUM,https://www.pref.saga.lg.jp/kiji003120845/index.html,R7基金全体の債券残高・利回り等の比較可能な運用実績を確認できず。
佐賀県,2026,fund_balance,基金残高/平均基金残高,SEARCHED_NOT_FOUND,SEARCHED_NOT_FOUND,HIGH,https://www.pref.saga.lg.jp/kiji003120845/index.html,R8比較可能数値を確認できず。
佐賀県,2026,securities_balance,有価証券・債券残高,SEARCHED_NOT_FOUND,SEARCHED_NOT_FOUND,HIGH,https://www.pref.saga.lg.jp/kiji003120845/index.html,R8比較可能数値を確認できず。
佐賀県,2026,government_bond_balance,国債残高,SEARCHED_NOT_FOUND,SEARCHED_NOT_FOUND,HIGH,https://www.pref.saga.lg.jp/kiji003120845/index.html,R8比較可能数値を確認できず。
佐賀県,2026,bond_breakdown,債券内訳,SEARCHED_NOT_FOUND,SEARCHED_NOT_FOUND,MEDIUM,https://www.pref.saga.lg.jp/kiji003120845/index.html,R8比較可能数値を確認できず。
佐賀県,2026,yield,運用利回り,SEARCHED_NOT_FOUND,SEARCHED_NOT_FOUND,HIGH,https://www.pref.saga.lg.jp/kiji003120845/index.html,R8比較可能数値を確認できず。
佐賀県,2026,income,運用収入,SEARCHED_NOT_FOUND,SEARCHED_NOT_FOUND,HIGH,https://www.pref.saga.lg.jp/kiji003120845/index.html,R8比較可能数値を確認できず。
佐賀県,2026,maturity,年限・平均残存年数,SEARCHED_NOT_FOUND,SEARCHED_NOT_FOUND,HIGH,https://www.pref.saga.lg.jp/kiji003120845/index.html,R8比較可能数値を確認できず。
佐賀県,2026,maturity_structure,満期構成・ラダー,SEARCHED_NOT_FOUND,SEARCHED_NOT_FOUND,MEDIUM,https://www.pref.saga.lg.jp/kiji003120845/index.html,R8比較可能数値を確認できず。
佐賀県,2026,investment_policy,運用方針,SEARCHED_NOT_FOUND,SEARCHED_NOT_FOUND,MEDIUM,https://www.pref.saga.lg.jp/kiji003120845/index.html,R8比較可能数値を確認できず。
佐賀県,2026,risk_policy,リスク管理方針,SEARCHED_NOT_FOUND,SEARCHED_NOT_FOUND,MEDIUM,https://www.pref.saga.lg.jp/kiji003120845/index.html,R8比較可能数値を確認できず。
長崎県,2025,fund_balance,基金残高/平均基金残高,SEARCHED_NOT_FOUND,SEARCHED_NOT_FOUND,HIGH,https://shisyutsukoukai.pref.nagasaki.jp/public/,R7基金全体の債券・国債残高、利回りを確認できず。
長崎県,2025,securities_balance,有価証券・債券残高,SEARCHED_NOT_FOUND,SEARCHED_NOT_FOUND,HIGH,https://shisyutsukoukai.pref.nagasaki.jp/public/,R7基金全体の債券・国債残高、利回りを確認できず。
長崎県,2025,government_bond_balance,国債残高,SEARCHED_NOT_FOUND,SEARCHED_NOT_FOUND,HIGH,https://shisyutsukoukai.pref.nagasaki.jp/public/,R7基金全体の債券・国債残高、利回りを確認できず。
長崎県,2025,bond_breakdown,債券内訳,SEARCHED_NOT_FOUND,SEARCHED_NOT_FOUND,MEDIUM,https://shisyutsukoukai.pref.nagasaki.jp/public/,R7基金全体の債券・国債残高、利回りを確認できず。
長崎県,2025,yield,運用利回り,SEARCHED_NOT_FOUND,SEARCHED_NOT_FOUND,HIGH,https://shisyutsukoukai.pref.nagasaki.jp/public/,R7基金全体の債券・国債残高、利回りを確認できず。
長崎県,2025,income,運用収入,SEARCHED_NOT_FOUND,SEARCHED_NOT_FOUND,HIGH,https://shisyutsukoukai.pref.nagasaki.jp/public/,R7基金全体の債券・国債残高、利回りを確認できず。
長崎県,2025,maturity,年限・平均残存年数,SEARCHED_NOT_FOUND,SEARCHED_NOT_FOUND,HIGH,https://shisyutsukoukai.pref.nagasaki.jp/public/,R7基金全体の債券・国債残高、利回りを確認できず。
長崎県,2025,maturity_structure,満期構成・ラダー,SEARCHED_NOT_FOUND,SEARCHED_NOT_FOUND,MEDIUM,https://shisyutsukoukai.pref.nagasaki.jp/public/,R7基金全体の債券・国債残高、利回りを確認できず。
長崎県,2025,investment_policy,運用方針,SEARCHED_NOT_FOUND,SEARCHED_NOT_FOUND,MEDIUM,https://shisyutsukoukai.pref.nagasaki.jp/public/,R7基金全体の債券・国債残高、利回りを確認できず。
長崎県,2025,risk_policy,リスク管理方針,SEARCHED_NOT_FOUND,SEARCHED_NOT_FOUND,MEDIUM,https://shisyutsukoukai.pref.nagasaki.jp/public/,R7基金全体の債券・国債残高、利回りを確認できず。
長崎県,2026,fund_balance,基金残高/平均基金残高,PARTIAL,PARTIAL_OFFICIAL,HIGH,https://shisyutsukoukai.pref.nagasaki.jp/public/,安全性・流動性・収益性、国債・政府関係機関債・地方債等の対象商品に関する公表はあるが、県基金全体のR8数値は未確認。
長崎県,2026,securities_balance,有価証券・債券残高,NOT_COMPARABLE,PARTIAL_OFFICIAL,HIGH,https://shisyutsukoukai.pref.nagasaki.jp/public/,安全性・流動性・収益性、国債・政府関係機関債・地方債等の対象商品に関する公表はあるが、県基金全体のR8数値は未確認。
長崎県,2026,government_bond_balance,国債残高,PARTIAL,PARTIAL_OFFICIAL,HIGH,https://shisyutsukoukai.pref.nagasaki.jp/public/,安全性・流動性・収益性、国債・政府関係機関債・地方債等の対象商品に関する公表はあるが、県基金全体のR8数値は未確認。
長崎県,2026,bond_breakdown,債券内訳,PARTIAL,PARTIAL_OFFICIAL,MEDIUM,https://shisyutsukoukai.pref.nagasaki.jp/public/,安全性・流動性・収益性、国債・政府関係機関債・地方債等の対象商品に関する公表はあるが、県基金全体のR8数値は未確認。
長崎県,2026,yield,運用利回り,NOT_COMPARABLE,PARTIAL_OFFICIAL,HIGH,https://shisyutsukoukai.pref.nagasaki.jp/public/,安全性・流動性・収益性、国債・政府関係機関債・地方債等の対象商品に関する公表はあるが、県基金全体のR8数値は未確認。
長崎県,2026,income,運用収入,NOT_COMPARABLE,PARTIAL_OFFICIAL,HIGH,https://shisyutsukoukai.pref.nagasaki.jp/public/,安全性・流動性・収益性、国債・政府関係機関債・地方債等の対象商品に関する公表はあるが、県基金全体のR8数値は未確認。
長崎県,2026,maturity,年限・平均残存年数,NOT_COMPARABLE,PARTIAL_OFFICIAL,HIGH,https://shisyutsukoukai.pref.nagasaki.jp/public/,安全性・流動性・収益性、国債・政府関係機関債・地方債等の対象商品に関する公表はあるが、県基金全体のR8数値は未確認。
長崎県,2026,maturity_structure,満期構成・ラダー,NOT_COMPARABLE,PARTIAL_OFFICIAL,MEDIUM,https://shisyutsukoukai.pref.nagasaki.jp/public/,安全性・流動性・収益性、国債・政府関係機関債・地方債等の対象商品に関する公表はあるが、県基金全体のR8数値は未確認。
長崎県,2026,investment_policy,運用方針,AVAILABLE,PARTIAL_OFFICIAL,MEDIUM,https://shisyutsukoukai.pref.nagasaki.jp/public/,安全性・流動性・収益性、国債・政府関係機関債・地方債等の対象商品に関する公表はあるが、県基金全体のR8数値は未確認。
長崎県,2026,risk_policy,リスク管理方針,AVAILABLE,PARTIAL_OFFICIAL,MEDIUM,https://shisyutsukoukai.pref.nagasaki.jp/public/,安全性・流動性・収益性、国債・政府関係機関債・地方債等の対象商品に関する公表はあるが、県基金全体のR8数値は未確認。
熊本県,2025,fund_balance,基金残高/平均基金残高,SEARCHED_NOT_FOUND,SEARCHED_NOT_FOUND,HIGH,https://www.pref.kumamoto.jp/soshiki/118/68486.html,調査時点の詳細公表はR6実績まで。R7実績は確認できず。
熊本県,2025,securities_balance,有価証券・債券残高,SEARCHED_NOT_FOUND,SEARCHED_NOT_FOUND,HIGH,https://www.pref.kumamoto.jp/soshiki/118/68486.html,調査時点の詳細公表はR6実績まで。R7実績は確認できず。
熊本県,2025,government_bond_balance,国債残高,SEARCHED_NOT_FOUND,SEARCHED_NOT_FOUND,HIGH,https://www.pref.kumamoto.jp/soshiki/118/68486.html,調査時点の詳細公表はR6実績まで。R7実績は確認できず。
熊本県,2025,bond_breakdown,債券内訳,SEARCHED_NOT_FOUND,SEARCHED_NOT_FOUND,MEDIUM,https://www.pref.kumamoto.jp/soshiki/118/68486.html,調査時点の詳細公表はR6実績まで。R7実績は確認できず。
熊本県,2025,yield,運用利回り,SEARCHED_NOT_FOUND,SEARCHED_NOT_FOUND,HIGH,https://www.pref.kumamoto.jp/soshiki/118/68486.html,調査時点の詳細公表はR6実績まで。R7実績は確認できず。
熊本県,2025,income,運用収入,SEARCHED_NOT_FOUND,SEARCHED_NOT_FOUND,HIGH,https://www.pref.kumamoto.jp/soshiki/118/68486.html,調査時点の詳細公表はR6実績まで。R7実績は確認できず。
熊本県,2025,maturity,年限・平均残存年数,SEARCHED_NOT_FOUND,SEARCHED_NOT_FOUND,HIGH,https://www.pref.kumamoto.jp/soshiki/118/68486.html,調査時点の詳細公表はR6実績まで。R7実績は確認できず。
熊本県,2025,maturity_structure,満期構成・ラダー,SEARCHED_NOT_FOUND,SEARCHED_NOT_FOUND,MEDIUM,https://www.pref.kumamoto.jp/soshiki/118/68486.html,調査時点の詳細公表はR6実績まで。R7実績は確認できず。
熊本県,2025,investment_policy,運用方針,SEARCHED_NOT_FOUND,SEARCHED_NOT_FOUND,MEDIUM,https://www.pref.kumamoto.jp/soshiki/118/68486.html,調査時点の詳細公表はR6実績まで。R7実績は確認できず。
熊本県,2025,risk_policy,リスク管理方針,SEARCHED_NOT_FOUND,SEARCHED_NOT_FOUND,MEDIUM,https://www.pref.kumamoto.jp/soshiki/118/68486.html,調査時点の詳細公表はR6実績まで。R7実績は確認できず。
熊本県,2026,fund_balance,基金残高/平均基金残高,PARTIAL,PARTIAL_OFFICIAL,HIGH,https://www.pref.kumamoto.jp/soshiki/118/68486.html,高度な管理方針は確認できるがR8実績値は未確認。
熊本県,2026,securities_balance,有価証券・債券残高,PARTIAL,PARTIAL_OFFICIAL,HIGH,https://www.pref.kumamoto.jp/soshiki/118/68486.html,高度な管理方針は確認できるがR8実績値は未確認。
熊本県,2026,government_bond_balance,国債残高,PARTIAL,PARTIAL_OFFICIAL,HIGH,https://www.pref.kumamoto.jp/soshiki/118/68486.html,高度な管理方針は確認できるがR8実績値は未確認。
熊本県,2026,bond_breakdown,債券内訳,PARTIAL,PARTIAL_OFFICIAL,MEDIUM,https://www.pref.kumamoto.jp/soshiki/118/68486.html,高度な管理方針は確認できるがR8実績値は未確認。
熊本県,2026,yield,運用利回り,NOT_COMPARABLE,PARTIAL_OFFICIAL,HIGH,https://www.pref.kumamoto.jp/soshiki/118/68486.html,高度な管理方針は確認できるがR8実績値は未確認。
熊本県,2026,income,運用収入,NOT_COMPARABLE,PARTIAL_OFFICIAL,HIGH,https://www.pref.kumamoto.jp/soshiki/118/68486.html,高度な管理方針は確認できるがR8実績値は未確認。
熊本県,2026,maturity,年限・平均残存年数,PARTIAL,PARTIAL_OFFICIAL,HIGH,https://www.pref.kumamoto.jp/soshiki/118/68486.html,高度な管理方針は確認できるがR8実績値は未確認。
熊本県,2026,maturity_structure,満期構成・ラダー,PARTIAL,PARTIAL_OFFICIAL,MEDIUM,https://www.pref.kumamoto.jp/soshiki/118/68486.html,高度な管理方針は確認できるがR8実績値は未確認。
熊本県,2026,investment_policy,運用方針,AVAILABLE,PARTIAL_OFFICIAL,MEDIUM,https://www.pref.kumamoto.jp/soshiki/118/68486.html,高度な管理方針は確認できるがR8実績値は未確認。
熊本県,2026,risk_policy,リスク管理方針,AVAILABLE,PARTIAL_OFFICIAL,MEDIUM,https://www.pref.kumamoto.jp/soshiki/118/68486.html,高度な管理方針は確認できるがR8実績値は未確認。
大分県,2025,fund_balance,基金残高/平均基金残高,AVAILABLE,NUMERIC_OFFICIAL,HIGH,https://www.pref.oita.jp/uploaded/attachment/2275311.pdf,基金平均残高・運用収入・利回りと20年ラダー運用を比較可能。ただし債券残高・債券比率が公表されていないためA～Cの数量比較条件を満たさない。
大分県,2025,securities_balance,有価証券・債券残高,PARTIAL,NUMERIC_OFFICIAL,HIGH,https://www.pref.oita.jp/uploaded/attachment/2275311.pdf,基金平均残高・運用収入・利回りと20年ラダー運用を比較可能。ただし債券残高・債券比率が公表されていないためA～Cの数量比較条件を満たさない。
大分県,2025,government_bond_balance,国債残高,NOT_COMPARABLE,NUMERIC_OFFICIAL,HIGH,https://www.pref.oita.jp/uploaded/attachment/2275311.pdf,基金平均残高・運用収入・利回りと20年ラダー運用を比較可能。ただし債券残高・債券比率が公表されていないためA～Cの数量比較条件を満たさない。
大分県,2025,bond_breakdown,債券内訳,NOT_COMPARABLE,NUMERIC_OFFICIAL,MEDIUM,https://www.pref.oita.jp/uploaded/attachment/2275311.pdf,基金平均残高・運用収入・利回りと20年ラダー運用を比較可能。ただし債券残高・債券比率が公表されていないためA～Cの数量比較条件を満たさない。
大分県,2025,yield,運用利回り,AVAILABLE,NUMERIC_OFFICIAL,HIGH,https://www.pref.oita.jp/uploaded/attachment/2275311.pdf,基金平均残高・運用収入・利回りと20年ラダー運用を比較可能。ただし債券残高・債券比率が公表されていないためA～Cの数量比較条件を満たさない。
大分県,2025,income,運用収入,AVAILABLE,NUMERIC_OFFICIAL,HIGH,https://www.pref.oita.jp/uploaded/attachment/2275311.pdf,基金平均残高・運用収入・利回りと20年ラダー運用を比較可能。ただし債券残高・債券比率が公表されていないためA～Cの数量比較条件を満たさない。
大分県,2025,maturity,年限・平均残存年数,PARTIAL,NUMERIC_OFFICIAL,HIGH,https://www.pref.oita.jp/uploaded/attachment/2275311.pdf,基金平均残高・運用収入・利回りと20年ラダー運用を比較可能。ただし債券残高・債券比率が公表されていないためA～Cの数量比較条件を満たさない。
大分県,2025,maturity_structure,満期構成・ラダー,PARTIAL,NUMERIC_OFFICIAL,MEDIUM,https://www.pref.oita.jp/uploaded/attachment/2275311.pdf,基金平均残高・運用収入・利回りと20年ラダー運用を比較可能。ただし債券残高・債券比率が公表されていないためA～Cの数量比較条件を満たさない。
大分県,2025,investment_policy,運用方針,AVAILABLE,NUMERIC_OFFICIAL,MEDIUM,https://www.pref.oita.jp/uploaded/attachment/2275311.pdf,基金平均残高・運用収入・利回りと20年ラダー運用を比較可能。ただし債券残高・債券比率が公表されていないためA～Cの数量比較条件を満たさない。
大分県,2025,risk_policy,リスク管理方針,AVAILABLE,NUMERIC_OFFICIAL,MEDIUM,https://www.pref.oita.jp/uploaded/attachment/2275311.pdf,基金平均残高・運用収入・利回りと20年ラダー運用を比較可能。ただし債券残高・債券比率が公表されていないためA～Cの数量比較条件を満たさない。
大分県,2026,fund_balance,基金残高/平均基金残高,NOT_COMPARABLE,PARTIAL_OFFICIAL,HIGH,https://www.pref.oita.jp/soshiki/11400/koukinkanri.html,対象商品・満期保有・信用リスク管理は確認。R8数値未確認。
大分県,2026,securities_balance,有価証券・債券残高,PARTIAL,PARTIAL_OFFICIAL,HIGH,https://www.pref.oita.jp/soshiki/11400/koukinkanri.html,対象商品・満期保有・信用リスク管理は確認。R8数値未確認。
大分県,2026,government_bond_balance,国債残高,PARTIAL,PARTIAL_OFFICIAL,HIGH,https://www.pref.oita.jp/soshiki/11400/koukinkanri.html,対象商品・満期保有・信用リスク管理は確認。R8数値未確認。
大分県,2026,bond_breakdown,債券内訳,PARTIAL,PARTIAL_OFFICIAL,MEDIUM,https://www.pref.oita.jp/soshiki/11400/koukinkanri.html,対象商品・満期保有・信用リスク管理は確認。R8数値未確認。
大分県,2026,yield,運用利回り,NOT_COMPARABLE,PARTIAL_OFFICIAL,HIGH,https://www.pref.oita.jp/soshiki/11400/koukinkanri.html,対象商品・満期保有・信用リスク管理は確認。R8数値未確認。
大分県,2026,income,運用収入,NOT_COMPARABLE,PARTIAL_OFFICIAL,HIGH,https://www.pref.oita.jp/soshiki/11400/koukinkanri.html,対象商品・満期保有・信用リスク管理は確認。R8数値未確認。
大分県,2026,maturity,年限・平均残存年数,PARTIAL,PARTIAL_OFFICIAL,HIGH,https://www.pref.oita.jp/soshiki/11400/koukinkanri.html,対象商品・満期保有・信用リスク管理は確認。R8数値未確認。
大分県,2026,maturity_structure,満期構成・ラダー,NOT_COMPARABLE,PARTIAL_OFFICIAL,MEDIUM,https://www.pref.oita.jp/soshiki/11400/koukinkanri.html,対象商品・満期保有・信用リスク管理は確認。R8数値未確認。
大分県,2026,investment_policy,運用方針,AVAILABLE,PARTIAL_OFFICIAL,MEDIUM,https://www.pref.oita.jp/soshiki/11400/koukinkanri.html,対象商品・満期保有・信用リスク管理は確認。R8数値未確認。
大分県,2026,risk_policy,リスク管理方針,AVAILABLE,PARTIAL_OFFICIAL,MEDIUM,https://www.pref.oita.jp/soshiki/11400/koukinkanri.html,対象商品・満期保有・信用リスク管理は確認。R8数値未確認。
宮崎県,2025,fund_balance,基金残高/平均基金残高,AVAILABLE,NUMERIC_OFFICIAL_FORECAST,HIGH,https://www.pref.miyazaki.lg.jp/documents/104090/104090_20260218171541-1.pdf,公金全体の運用残高と基金利益見込みは確認できるが、基金単独の債券残高・利回りは分離できない。
宮崎県,2025,securities_balance,有価証券・債券残高,AVAILABLE,NUMERIC_OFFICIAL_FORECAST,HIGH,https://www.pref.miyazaki.lg.jp/documents/104090/104090_20260218171541-1.pdf,公金全体の運用残高と基金利益見込みは確認できるが、基金単独の債券残高・利回りは分離できない。
宮崎県,2025,government_bond_balance,国債残高,PARTIAL,NUMERIC_OFFICIAL_FORECAST,HIGH,https://www.pref.miyazaki.lg.jp/documents/104090/104090_20260218171541-1.pdf,公金全体の運用残高と基金利益見込みは確認できるが、基金単独の債券残高・利回りは分離できない。
宮崎県,2025,bond_breakdown,債券内訳,PARTIAL,NUMERIC_OFFICIAL_FORECAST,MEDIUM,https://www.pref.miyazaki.lg.jp/documents/104090/104090_20260218171541-1.pdf,公金全体の運用残高と基金利益見込みは確認できるが、基金単独の債券残高・利回りは分離できない。
宮崎県,2025,yield,運用利回り,PARTIAL,NUMERIC_OFFICIAL_FORECAST,HIGH,https://www.pref.miyazaki.lg.jp/documents/104090/104090_20260218171541-1.pdf,公金全体の運用残高と基金利益見込みは確認できるが、基金単独の債券残高・利回りは分離できない。
宮崎県,2025,income,運用収入,AVAILABLE,NUMERIC_OFFICIAL_FORECAST,HIGH,https://www.pref.miyazaki.lg.jp/documents/104090/104090_20260218171541-1.pdf,公金全体の運用残高と基金利益見込みは確認できるが、基金単独の債券残高・利回りは分離できない。
宮崎県,2025,maturity,年限・平均残存年数,NOT_COMPARABLE,NUMERIC_OFFICIAL_FORECAST,HIGH,https://www.pref.miyazaki.lg.jp/documents/104090/104090_20260218171541-1.pdf,公金全体の運用残高と基金利益見込みは確認できるが、基金単独の債券残高・利回りは分離できない。
宮崎県,2025,maturity_structure,満期構成・ラダー,NOT_COMPARABLE,NUMERIC_OFFICIAL_FORECAST,MEDIUM,https://www.pref.miyazaki.lg.jp/documents/104090/104090_20260218171541-1.pdf,公金全体の運用残高と基金利益見込みは確認できるが、基金単独の債券残高・利回りは分離できない。
宮崎県,2025,investment_policy,運用方針,AVAILABLE,NUMERIC_OFFICIAL_FORECAST,MEDIUM,https://www.pref.miyazaki.lg.jp/documents/104090/104090_20260218171541-1.pdf,公金全体の運用残高と基金利益見込みは確認できるが、基金単独の債券残高・利回りは分離できない。
宮崎県,2025,risk_policy,リスク管理方針,NOT_COMPARABLE,NUMERIC_OFFICIAL_FORECAST,MEDIUM,https://www.pref.miyazaki.lg.jp/documents/104090/104090_20260218171541-1.pdf,公金全体の運用残高と基金利益見込みは確認できるが、基金単独の債券残高・利回りは分離できない。
宮崎県,2026,fund_balance,基金残高/平均基金残高,NOT_COMPARABLE,PARTIAL_OFFICIAL,HIGH,,安全性・流動性・効率性を重視し債券活用を継続。R8数値未確認。
宮崎県,2026,securities_balance,有価証券・債券残高,PARTIAL,PARTIAL_OFFICIAL,HIGH,,安全性・流動性・効率性を重視し債券活用を継続。R8数値未確認。
宮崎県,2026,government_bond_balance,国債残高,NOT_COMPARABLE,PARTIAL_OFFICIAL,HIGH,,安全性・流動性・効率性を重視し債券活用を継続。R8数値未確認。
宮崎県,2026,bond_breakdown,債券内訳,NOT_COMPARABLE,PARTIAL_OFFICIAL,MEDIUM,,安全性・流動性・効率性を重視し債券活用を継続。R8数値未確認。
宮崎県,2026,yield,運用利回り,NOT_COMPARABLE,PARTIAL_OFFICIAL,HIGH,,安全性・流動性・効率性を重視し債券活用を継続。R8数値未確認。
宮崎県,2026,income,運用収入,NOT_COMPARABLE,PARTIAL_OFFICIAL,HIGH,,安全性・流動性・効率性を重視し債券活用を継続。R8数値未確認。
宮崎県,2026,maturity,年限・平均残存年数,NOT_COMPARABLE,PARTIAL_OFFICIAL,HIGH,,安全性・流動性・効率性を重視し債券活用を継続。R8数値未確認。
宮崎県,2026,maturity_structure,満期構成・ラダー,NOT_COMPARABLE,PARTIAL_OFFICIAL,MEDIUM,,安全性・流動性・効率性を重視し債券活用を継続。R8数値未確認。
宮崎県,2026,investment_policy,運用方針,AVAILABLE,PARTIAL_OFFICIAL,MEDIUM,,安全性・流動性・効率性を重視し債券活用を継続。R8数値未確認。
宮崎県,2026,risk_policy,リスク管理方針,AVAILABLE,PARTIAL_OFFICIAL,MEDIUM,,安全性・流動性・効率性を重視し債券活用を継続。R8数値未確認。
鹿児島県,2025,fund_balance,基金残高/平均基金残高,PARTIAL,PARTIAL_OFFICIAL,HIGH,https://www.pref.kagoshima.jp/ab05/kensei/zaisei/kessan/kikin.html,R7基金状況PDFは公開済み。ただし本調査で基金全体の運用商品別残高・利回りの専用比較表は確認できず。
鹿児島県,2025,securities_balance,有価証券・債券残高,NOT_COMPARABLE,PARTIAL_OFFICIAL,HIGH,https://www.pref.kagoshima.jp/ab05/kensei/zaisei/kessan/kikin.html,R7基金状況PDFは公開済み。ただし本調査で基金全体の運用商品別残高・利回りの専用比較表は確認できず。
鹿児島県,2025,government_bond_balance,国債残高,NOT_COMPARABLE,PARTIAL_OFFICIAL,HIGH,https://www.pref.kagoshima.jp/ab05/kensei/zaisei/kessan/kikin.html,R7基金状況PDFは公開済み。ただし本調査で基金全体の運用商品別残高・利回りの専用比較表は確認できず。
鹿児島県,2025,bond_breakdown,債券内訳,NOT_COMPARABLE,PARTIAL_OFFICIAL,MEDIUM,https://www.pref.kagoshima.jp/ab05/kensei/zaisei/kessan/kikin.html,R7基金状況PDFは公開済み。ただし本調査で基金全体の運用商品別残高・利回りの専用比較表は確認できず。
鹿児島県,2025,yield,運用利回り,PARTIAL,PARTIAL_OFFICIAL,HIGH,https://www.pref.kagoshima.jp/ab05/kensei/zaisei/kessan/kikin.html,R7基金状況PDFは公開済み。ただし本調査で基金全体の運用商品別残高・利回りの専用比較表は確認できず。
鹿児島県,2025,income,運用収入,NOT_COMPARABLE,PARTIAL_OFFICIAL,HIGH,https://www.pref.kagoshima.jp/ab05/kensei/zaisei/kessan/kikin.html,R7基金状況PDFは公開済み。ただし本調査で基金全体の運用商品別残高・利回りの専用比較表は確認できず。
鹿児島県,2025,maturity,年限・平均残存年数,NOT_COMPARABLE,PARTIAL_OFFICIAL,HIGH,https://www.pref.kagoshima.jp/ab05/kensei/zaisei/kessan/kikin.html,R7基金状況PDFは公開済み。ただし本調査で基金全体の運用商品別残高・利回りの専用比較表は確認できず。
鹿児島県,2025,maturity_structure,満期構成・ラダー,NOT_COMPARABLE,PARTIAL_OFFICIAL,MEDIUM,https://www.pref.kagoshima.jp/ab05/kensei/zaisei/kessan/kikin.html,R7基金状況PDFは公開済み。ただし本調査で基金全体の運用商品別残高・利回りの専用比較表は確認できず。
鹿児島県,2025,investment_policy,運用方針,NOT_COMPARABLE,PARTIAL_OFFICIAL,MEDIUM,https://www.pref.kagoshima.jp/ab05/kensei/zaisei/kessan/kikin.html,R7基金状況PDFは公開済み。ただし本調査で基金全体の運用商品別残高・利回りの専用比較表は確認できず。
鹿児島県,2025,risk_policy,リスク管理方針,NOT_COMPARABLE,PARTIAL_OFFICIAL,MEDIUM,https://www.pref.kagoshima.jp/ab05/kensei/zaisei/kessan/kikin.html,R7基金状況PDFは公開済み。ただし本調査で基金全体の運用商品別残高・利回りの専用比較表は確認できず。
鹿児島県,2026,fund_balance,基金残高/平均基金残高,SEARCHED_NOT_FOUND,SEARCHED_NOT_FOUND,HIGH,,R8年度途中の比較可能数値を確認できず。
鹿児島県,2026,securities_balance,有価証券・債券残高,SEARCHED_NOT_FOUND,SEARCHED_NOT_FOUND,HIGH,,R8年度途中の比較可能数値を確認できず。
鹿児島県,2026,government_bond_balance,国債残高,SEARCHED_NOT_FOUND,SEARCHED_NOT_FOUND,HIGH,,R8年度途中の比較可能数値を確認できず。
鹿児島県,2026,bond_breakdown,債券内訳,SEARCHED_NOT_FOUND,SEARCHED_NOT_FOUND,MEDIUM,,R8年度途中の比較可能数値を確認できず。
鹿児島県,2026,yield,運用利回り,SEARCHED_NOT_FOUND,SEARCHED_NOT_FOUND,HIGH,,R8年度途中の比較可能数値を確認できず。
鹿児島県,2026,income,運用収入,SEARCHED_NOT_FOUND,SEARCHED_NOT_FOUND,HIGH,,R8年度途中の比較可能数値を確認できず。
鹿児島県,2026,maturity,年限・平均残存年数,SEARCHED_NOT_FOUND,SEARCHED_NOT_FOUND,HIGH,,R8年度途中の比較可能数値を確認できず。
鹿児島県,2026,maturity_structure,満期構成・ラダー,SEARCHED_NOT_FOUND,SEARCHED_NOT_FOUND,MEDIUM,,R8年度途中の比較可能数値を確認できず。
鹿児島県,2026,investment_policy,運用方針,SEARCHED_NOT_FOUND,SEARCHED_NOT_FOUND,MEDIUM,,R8年度途中の比較可能数値を確認できず。
鹿児島県,2026,risk_policy,リスク管理方針,SEARCHED_NOT_FOUND,SEARCHED_NOT_FOUND,MEDIUM,,R8年度途中の比較可能数値を確認できず。
沖縄県,2025,fund_balance,基金残高/平均基金残高,PARTIAL,PARTIAL_OFFICIAL,HIGH,https://www.pref.okinawa.jp/_res/projects/default_project/_page_/001/010/064/r6.3tyuukimitoosi.pdf,県全基金ではなく産業振興基金110億円の個別事例。全国基金比較には直接使用しない。
沖縄県,2025,securities_balance,有価証券・債券残高,PARTIAL,PARTIAL_OFFICIAL,HIGH,https://www.pref.okinawa.jp/_res/projects/default_project/_page_/001/010/064/r6.3tyuukimitoosi.pdf,県全基金ではなく産業振興基金110億円の個別事例。全国基金比較には直接使用しない。
沖縄県,2025,government_bond_balance,国債残高,PARTIAL,PARTIAL_OFFICIAL,HIGH,https://www.pref.okinawa.jp/_res/projects/default_project/_page_/001/010/064/r6.3tyuukimitoosi.pdf,県全基金ではなく産業振興基金110億円の個別事例。全国基金比較には直接使用しない。
沖縄県,2025,bond_breakdown,債券内訳,PARTIAL,PARTIAL_OFFICIAL,MEDIUM,https://www.pref.okinawa.jp/_res/projects/default_project/_page_/001/010/064/r6.3tyuukimitoosi.pdf,県全基金ではなく産業振興基金110億円の個別事例。全国基金比較には直接使用しない。
沖縄県,2025,yield,運用利回り,NOT_COMPARABLE,PARTIAL_OFFICIAL,HIGH,https://www.pref.okinawa.jp/_res/projects/default_project/_page_/001/010/064/r6.3tyuukimitoosi.pdf,県全基金ではなく産業振興基金110億円の個別事例。全国基金比較には直接使用しない。
沖縄県,2025,income,運用収入,AVAILABLE,PARTIAL_OFFICIAL,HIGH,https://www.pref.okinawa.jp/_res/projects/default_project/_page_/001/010/064/r6.3tyuukimitoosi.pdf,県全基金ではなく産業振興基金110億円の個別事例。全国基金比較には直接使用しない。
沖縄県,2025,maturity,年限・平均残存年数,NOT_COMPARABLE,PARTIAL_OFFICIAL,HIGH,https://www.pref.okinawa.jp/_res/projects/default_project/_page_/001/010/064/r6.3tyuukimitoosi.pdf,県全基金ではなく産業振興基金110億円の個別事例。全国基金比較には直接使用しない。
沖縄県,2025,maturity_structure,満期構成・ラダー,NOT_COMPARABLE,PARTIAL_OFFICIAL,MEDIUM,https://www.pref.okinawa.jp/_res/projects/default_project/_page_/001/010/064/r6.3tyuukimitoosi.pdf,県全基金ではなく産業振興基金110億円の個別事例。全国基金比較には直接使用しない。
沖縄県,2025,investment_policy,運用方針,AVAILABLE,PARTIAL_OFFICIAL,MEDIUM,https://www.pref.okinawa.jp/_res/projects/default_project/_page_/001/010/064/r6.3tyuukimitoosi.pdf,県全基金ではなく産業振興基金110億円の個別事例。全国基金比較には直接使用しない。
沖縄県,2025,risk_policy,リスク管理方針,NOT_COMPARABLE,PARTIAL_OFFICIAL,MEDIUM,https://www.pref.okinawa.jp/_res/projects/default_project/_page_/001/010/064/r6.3tyuukimitoosi.pdf,県全基金ではなく産業振興基金110億円の個別事例。全国基金比較には直接使用しない。
沖縄県,2026,fund_balance,基金残高/平均基金残高,AVAILABLE,PARTIAL_OFFICIAL,HIGH,https://www.pref.okinawa.jp/shigoto/keizai/1009879/1009880/1010064.html,特定基金のみ。県全基金のポートフォリオではない。
沖縄県,2026,securities_balance,有価証券・債券残高,NOT_COMPARABLE,PARTIAL_OFFICIAL,HIGH,https://www.pref.okinawa.jp/shigoto/keizai/1009879/1009880/1010064.html,特定基金のみ。県全基金のポートフォリオではない。
沖縄県,2026,government_bond_balance,国債残高,PARTIAL,PARTIAL_OFFICIAL,HIGH,https://www.pref.okinawa.jp/shigoto/keizai/1009879/1009880/1010064.html,特定基金のみ。県全基金のポートフォリオではない。
沖縄県,2026,bond_breakdown,債券内訳,PARTIAL,PARTIAL_OFFICIAL,MEDIUM,https://www.pref.okinawa.jp/shigoto/keizai/1009879/1009880/1010064.html,特定基金のみ。県全基金のポートフォリオではない。
沖縄県,2026,yield,運用利回り,NOT_COMPARABLE,PARTIAL_OFFICIAL,HIGH,https://www.pref.okinawa.jp/shigoto/keizai/1009879/1009880/1010064.html,特定基金のみ。県全基金のポートフォリオではない。
沖縄県,2026,income,運用収入,AVAILABLE,PARTIAL_OFFICIAL,HIGH,https://www.pref.okinawa.jp/shigoto/keizai/1009879/1009880/1010064.html,特定基金のみ。県全基金のポートフォリオではない。
沖縄県,2026,maturity,年限・平均残存年数,NOT_COMPARABLE,PARTIAL_OFFICIAL,HIGH,https://www.pref.okinawa.jp/shigoto/keizai/1009879/1009880/1010064.html,特定基金のみ。県全基金のポートフォリオではない。
沖縄県,2026,maturity_structure,満期構成・ラダー,NOT_COMPARABLE,PARTIAL_OFFICIAL,MEDIUM,https://www.pref.okinawa.jp/shigoto/keizai/1009879/1009880/1010064.html,特定基金のみ。県全基金のポートフォリオではない。
沖縄県,2026,investment_policy,運用方針,AVAILABLE,PARTIAL_OFFICIAL,MEDIUM,https://www.pref.okinawa.jp/shigoto/keizai/1009879/1009880/1010064.html,特定基金のみ。県全基金のポートフォリオではない。
沖縄県,2026,risk_policy,リスク管理方針,NOT_COMPARABLE,PARTIAL_OFFICIAL,MEDIUM,https://www.pref.okinawa.jp/shigoto/keizai/1009879/1009880/1010064.html,特定基金のみ。県全基金のポートフォリオではない。
